도로종류,시간대,사고수,월,유형
일반국도,00시-02시,22,01,사고건수
일반국도,02시-04시,10,01,사고건수
일반국도,04시-06시,29,01,사고건수
일반국도,06시-08시,91,01,사고건수
일반국도,08시-10시,144,01,사고건수
일반국도,10시-12시,122,01,사고건수
일반국도,12시-14시,150,01,사고건수
일반국도,14시-16시,147,01,사고건수
일반국도,16시-18시,140,01,사고건수
일반국도,18시-20시,204,01,사고건수
일반국도,20시-22시,141,01,사고건수
일반국도,22시-24시,72,01,사고건수
지방도,00시-02시,15,01,사고건수
지방도,02시-04시,7,01,사고건수
지방도,04시-06시,16,01,사고건수
지방도,06시-08시,65,01,사고건수
지방도,08시-10시,108,01,사고건수
지방도,10시-12시,108,01,사고건수
지방도,12시-14시,116,01,사고건수
지방도,14시-16시,107,01,사고건수
지방도,16시-18시,120,01,사고건수
지방도,18시-20시,176,01,사고건수
지방도,20시-22시,89,01,사고건수
지방도,22시-24시,54,01,사고건수
특별광역시도,00시-02시,154,01,사고건수
특별광역시도,02시-04시,73,01,사고건수
특별광역시도,04시-06시,98,01,사고건수
특별광역시도,06시-08시,271,01,사고건수
특별광역시도,08시-10시,491,01,사고건수
특별광역시도,10시-12시,550,01,사고건수
특별광역시도,12시-14시,710,01,사고건수
특별광역시도,14시-16시,756,01,사고건수
특별광역시도,16시-18시,751,01,사고건수
특별광역시도,18시-20시,1072,01,사고건수
특별광역시도,20시-22시,895,01,사고건수
특별광역시도,22시-24시,359,01,사고건수
시도,00시-02시,109,01,사고건수
시도,02시-04시,45,01,사고건수
시도,04시-06시,65,01,사고건수
시도,06시-08시,307,01,사고건수
시도,08시-10시,418,01,사고건수
시도,10시-12시,467,01,사고건수
시도,12시-14시,541,01,사고건수
시도,14시-16시,562,01,사고건수
시도,16시-18시,590,01,사고건수
시도,18시-20시,878,01,사고건수
시도,20시-22시,683,01,사고건수
시도,22시-24시,264,01,사고건수
군도,00시-02시,3,01,사고건수
군도,02시-04시,1,01,사고건수
군도,04시-06시,0,01,사고건수
군도,06시-08시,17,01,사고건수
군도,08시-10시,50,01,사고건수
군도,10시-12시,69,01,사고건수
군도,12시-14시,61,01,사고건수
군도,14시-16시,67,01,사고건수
군도,16시-18시,62,01,사고건수
군도,18시-20시,72,01,사고건수
군도,20시-22시,48,01,사고건수
군도,22시-24시,7,01,사고건수
고속국도,00시-02시,13,01,사고건수
고속국도,02시-04시,7,01,사고건수
고속국도,04시-06시,13,01,사고건수
고속국도,06시-08시,29,01,사고건수
고속국도,08시-10시,31,01,사고건수
고속국도,10시-12시,41,01,사고건수
고속국도,12시-14시,33,01,사고건수
고속국도,14시-16시,32,01,사고건수
고속국도,16시-18시,47,01,사고건수
고속국도,18시-20시,50,01,사고건수
고속국도,20시-22시,39,01,사고건수
고속국도,22시-24시,17,01,사고건수
일반국도,00시-02시,0,01,사망자수
일반국도,02시-04시,2,01,사망자수
일반국도,04시-06시,3,01,사망자수
일반국도,06시-08시,7,01,사망자수
일반국도,08시-10시,4,01,사망자수
일반국도,10시-12시,2,01,사망자수
일반국도,12시-14시,1,01,사망자수
일반국도,14시-16시,1,01,사망자수
일반국도,16시-18시,3,01,사망자수
일반국도,18시-20시,7,01,사망자수
일반국도,20시-22시,4,01,사망자수
일반국도,22시-24시,3,01,사망자수
지방도,00시-02시,0,01,사망자수
지방도,02시-04시,1,01,사망자수
지방도,04시-06시,1,01,사망자수
지방도,06시-08시,6,01,사망자수
지방도,08시-10시,2,01,사망자수
지방도,10시-12시,0,01,사망자수
지방도,12시-14시,3,01,사망자수
지방도,14시-16시,3,01,사망자수
지방도,16시-18시,3,01,사망자수
지방도,18시-20시,4,01,사망자수
지방도,20시-22시,1,01,사망자수
지방도,22시-24시,2,01,사망자수
특별광역시도,00시-02시,3,01,사망자수
특별광역시도,02시-04시,1,01,사망자수
특별광역시도,04시-06시,2,01,사망자수
특별광역시도,06시-08시,4,01,사망자수
특별광역시도,08시-10시,3,01,사망자수
특별광역시도,10시-12시,1,01,사망자수
특별광역시도,12시-14시,3,01,사망자수
특별광역시도,14시-16시,5,01,사망자수
특별광역시도,16시-18시,1,01,사망자수
특별광역시도,18시-20시,3,01,사망자수
특별광역시도,20시-22시,4,01,사망자수
특별광역시도,22시-24시,3,01,사망자수
시도,00시-02시,4,01,사망자수
시도,02시-04시,2,01,사망자수
시도,04시-06시,1,01,사망자수
시도,06시-08시,6,01,사망자수
시도,08시-10시,5,01,사망자수
시도,10시-12시,8,01,사망자수
시도,12시-14시,3,01,사망자수
시도,14시-16시,5,01,사망자수
시도,16시-18시,4,01,사망자수
시도,18시-20시,8,01,사망자수
시도,20시-22시,10,01,사망자수
시도,22시-24시,3,01,사망자수
군도,00시-02시,0,01,사망자수
군도,02시-04시,0,01,사망자수
군도,04시-06시,0,01,사망자수
군도,06시-08시,2,01,사망자수
군도,08시-10시,2,01,사망자수
군도,10시-12시,1,01,사망자수
군도,12시-14시,1,01,사망자수
군도,14시-16시,3,01,사망자수
군도,16시-18시,1,01,사망자수
군도,18시-20시,1,01,사망자수
군도,20시-22시,3,01,사망자수
군도,22시-24시,3,01,사망자수
고속국도,00시-02시,1,01,사망자수
고속국도,02시-04시,0,01,사망자수
고속국도,04시-06시,1,01,사망자수
고속국도,06시-08시,2,01,사망자수
고속국도,08시-10시,1,01,사망자수
고속국도,10시-12시,3,01,사망자수
고속국도,12시-14시,1,01,사망자수
고속국도,14시-16시,1,01,사망자수
고속국도,16시-18시,3,01,사망자수
고속국도,18시-20시,3,01,사망자수
고속국도,20시-22시,0,01,사망자수
고속국도,22시-24시,2,01,사망자수
일반국도,00시-02시,31,01,부상자수
일반국도,02시-04시,18,01,부상자수
일반국도,04시-06시,38,01,부상자수
일반국도,06시-08시,140,01,부상자수
일반국도,08시-10시,222,01,부상자수
일반국도,10시-12시,206,01,부상자수
일반국도,12시-14시,234,01,부상자수
일반국도,14시-16시,239,01,부상자수
일반국도,16시-18시,209,01,부상자수
일반국도,18시-20시,327,01,부상자수
일반국도,20시-22시,232,01,부상자수
일반국도,22시-24시,91,01,부상자수
지방도,00시-02시,26,01,부상자수
지방도,02시-04시,9,01,부상자수
지방도,04시-06시,19,01,부상자수
지방도,06시-08시,79,01,부상자수
지방도,08시-10시,178,01,부상자수
지방도,10시-12시,162,01,부상자수
지방도,12시-14시,180,01,부상자수
지방도,14시-16시,175,01,부상자수
지방도,16시-18시,182,01,부상자수
지방도,18시-20시,230,01,부상자수
지방도,20시-22시,120,01,부상자수
지방도,22시-24시,77,01,부상자수
특별광역시도,00시-02시,220,01,부상자수
특별광역시도,02시-04시,104,01,부상자수
특별광역시도,04시-06시,122,01,부상자수
특별광역시도,06시-08시,344,01,부상자수
특별광역시도,08시-10시,695,01,부상자수
특별광역시도,10시-12시,781,01,부상자수
특별광역시도,12시-14시,978,01,부상자수
특별광역시도,14시-16시,1051,01,부상자수
특별광역시도,16시-18시,1034,01,부상자수
특별광역시도,18시-20시,1470,01,부상자수
특별광역시도,20시-22시,1217,01,부상자수
특별광역시도,22시-24시,523,01,부상자수
시도,00시-02시,153,01,부상자수
시도,02시-04시,58,01,부상자수
시도,04시-06시,87,01,부상자수
시도,06시-08시,396,01,부상자수
시도,08시-10시,615,01,부상자수
시도,10시-12시,694,01,부상자수
시도,12시-14시,775,01,부상자수
시도,14시-16시,825,01,부상자수
시도,16시-18시,877,01,부상자수
시도,18시-20시,1254,01,부상자수
시도,20시-22시,966,01,부상자수
시도,22시-24시,390,01,부상자수
군도,00시-02시,3,01,부상자수
군도,02시-04시,1,01,부상자수
군도,04시-06시,0,01,부상자수
군도,06시-08시,19,01,부상자수
군도,08시-10시,75,01,부상자수
군도,10시-12시,102,01,부상자수
군도,12시-14시,87,01,부상자수
군도,14시-16시,101,01,부상자수
군도,16시-18시,85,01,부상자수
군도,18시-20시,93,01,부상자수
군도,20시-22시,78,01,부상자수
군도,22시-24시,4,01,부상자수
고속국도,00시-02시,14,01,부상자수
고속국도,02시-04시,15,01,부상자수
고속국도,04시-06시,19,01,부상자수
고속국도,06시-08시,50,01,부상자수
고속국도,08시-10시,40,01,부상자수
고속국도,10시-12시,79,01,부상자수
고속국도,12시-14시,89,01,부상자수
고속국도,14시-16시,64,01,부상자수
고속국도,16시-18시,94,01,부상자수
고속국도,18시-20시,81,01,부상자수
고속국도,20시-22시,56,01,부상자수
고속국도,22시-24시,35,01,부상자수
일반국도,00시-02시,27,02,사고건수
일반국도,02시-04시,13,02,사고건수
일반국도,04시-06시,22,02,사고건수
일반국도,06시-08시,88,02,사고건수
일반국도,08시-10시,123,02,사고건수
일반국도,10시-12시,149,02,사고건수
일반국도,12시-14시,157,02,사고건수
일반국도,14시-16시,157,02,사고건수
일반국도,16시-18시,162,02,사고건수
일반국도,18시-20시,196,02,사고건수
일반국도,20시-22시,153,02,사고건수
일반국도,22시-24시,85,02,사고건수
지방도,00시-02시,23,02,사고건수
지방도,02시-04시,8,02,사고건수
지방도,04시-06시,6,02,사고건수
지방도,06시-08시,56,02,사고건수
지방도,08시-10시,96,02,사고건수
지방도,10시-12시,101,02,사고건수
지방도,12시-14시,132,02,사고건수
지방도,14시-16시,124,02,사고건수
지방도,16시-18시,130,02,사고건수
지방도,18시-20시,147,02,사고건수
지방도,20시-22시,104,02,사고건수
지방도,22시-24시,66,02,사고건수
특별광역시도,00시-02시,171,02,사고건수
특별광역시도,02시-04시,80,02,사고건수
특별광역시도,04시-06시,104,02,사고건수
특별광역시도,06시-08시,243,02,사고건수
특별광역시도,08시-10시,503,02,사고건수
특별광역시도,10시-12시,516,02,사고건수
특별광역시도,12시-14시,656,02,사고건수
특별광역시도,14시-16시,740,02,사고건수
특별광역시도,16시-18시,754,02,사고건수
특별광역시도,18시-20시,927,02,사고건수
특별광역시도,20시-22시,712,02,사고건수
특별광역시도,22시-24시,485,02,사고건수
시도,00시-02시,121,02,사고건수
시도,02시-04시,54,02,사고건수
시도,04시-06시,72,02,사고건수
시도,06시-08시,251,02,사고건수
시도,08시-10시,391,02,사고건수
시도,10시-12시,438,02,사고건수
시도,12시-14시,571,02,사고건수
시도,14시-16시,606,02,사고건수
시도,16시-18시,600,02,사고건수
시도,18시-20시,748,02,사고건수
시도,20시-22시,555,02,사고건수
시도,22시-24시,375,02,사고건수
군도,00시-02시,7,02,사고건수
군도,02시-04시,7,02,사고건수
군도,04시-06시,3,02,사고건수
군도,06시-08시,21,02,사고건수
군도,08시-10시,46,02,사고건수
군도,10시-12시,55,02,사고건수
군도,12시-14시,55,02,사고건수
군도,14시-16시,60,02,사고건수
군도,16시-18시,56,02,사고건수
군도,18시-20시,54,02,사고건수
군도,20시-22시,19,02,사고건수
군도,22시-24시,14,02,사고건수
고속국도,00시-02시,13,02,사고건수
고속국도,02시-04시,8,02,사고건수
고속국도,04시-06시,8,02,사고건수
고속국도,06시-08시,22,02,사고건수
고속국도,08시-10시,30,02,사고건수
고속국도,10시-12시,35,02,사고건수
고속국도,12시-14시,41,02,사고건수
고속국도,14시-16시,50,02,사고건수
고속국도,16시-18시,59,02,사고건수
고속국도,18시-20시,37,02,사고건수
고속국도,20시-22시,29,02,사고건수
고속국도,22시-24시,36,02,사고건수
일반국도,00시-02시,2,02,사망자수
일반국도,02시-04시,1,02,사망자수
일반국도,04시-06시,1,02,사망자수
일반국도,06시-08시,3,02,사망자수
일반국도,08시-10시,5,02,사망자수
일반국도,10시-12시,6,02,사망자수
일반국도,12시-14시,5,02,사망자수
일반국도,14시-16시,3,02,사망자수
일반국도,16시-18시,2,02,사망자수
일반국도,18시-20시,5,02,사망자수
일반국도,20시-22시,6,02,사망자수
일반국도,22시-24시,4,02,사망자수
지방도,00시-02시,1,02,사망자수
지방도,02시-04시,0,02,사망자수
지방도,04시-06시,1,02,사망자수
지방도,06시-08시,1,02,사망자수
지방도,08시-10시,1,02,사망자수
지방도,10시-12시,2,02,사망자수
지방도,12시-14시,2,02,사망자수
지방도,14시-16시,5,02,사망자수
지방도,16시-18시,0,02,사망자수
지방도,18시-20시,5,02,사망자수
지방도,20시-22시,4,02,사망자수
지방도,22시-24시,0,02,사망자수
특별광역시도,00시-02시,3,02,사망자수
특별광역시도,02시-04시,3,02,사망자수
특별광역시도,04시-06시,4,02,사망자수
특별광역시도,06시-08시,2,02,사망자수
특별광역시도,08시-10시,9,02,사망자수
특별광역시도,10시-12시,3,02,사망자수
특별광역시도,12시-14시,7,02,사망자수
특별광역시도,14시-16시,3,02,사망자수
특별광역시도,16시-18시,4,02,사망자수
특별광역시도,18시-20시,8,02,사망자수
특별광역시도,20시-22시,8,02,사망자수
특별광역시도,22시-24시,10,02,사망자수
시도,00시-02시,0,02,사망자수
시도,02시-04시,4,02,사망자수
시도,04시-06시,5,02,사망자수
시도,06시-08시,6,02,사망자수
시도,08시-10시,2,02,사망자수
시도,10시-12시,3,02,사망자수
시도,12시-14시,5,02,사망자수
시도,14시-16시,3,02,사망자수
시도,16시-18시,3,02,사망자수
시도,18시-20시,6,02,사망자수
시도,20시-22시,3,02,사망자수
시도,22시-24시,2,02,사망자수
군도,00시-02시,0,02,사망자수
군도,02시-04시,0,02,사망자수
군도,04시-06시,0,02,사망자수
군도,06시-08시,0,02,사망자수
군도,08시-10시,1,02,사망자수
군도,10시-12시,2,02,사망자수
군도,12시-14시,0,02,사망자수
군도,14시-16시,0,02,사망자수
군도,16시-18시,1,02,사망자수
군도,18시-20시,0,02,사망자수
군도,20시-22시,0,02,사망자수
군도,22시-24시,0,02,사망자수
고속국도,00시-02시,4,02,사망자수
고속국도,02시-04시,1,02,사망자수
고속국도,04시-06시,0,02,사망자수
고속국도,06시-08시,2,02,사망자수
고속국도,08시-10시,8,02,사망자수
고속국도,10시-12시,1,02,사망자수
고속국도,12시-14시,1,02,사망자수
고속국도,14시-16시,0,02,사망자수
고속국도,16시-18시,1,02,사망자수
고속국도,18시-20시,1,02,사망자수
고속국도,20시-22시,1,02,사망자수
고속국도,22시-24시,1,02,사망자수
일반국도,00시-02시,40,02,부상자수
일반국도,02시-04시,22,02,부상자수
일반국도,04시-06시,31,02,부상자수
일반국도,06시-08시,125,02,부상자수
일반국도,08시-10시,197,02,부상자수
일반국도,10시-12시,217,02,부상자수
일반국도,12시-14시,257,02,부상자수
일반국도,14시-16시,298,02,부상자수
일반국도,16시-18시,291,02,부상자수
일반국도,18시-20시,303,02,부상자수
일반국도,20시-22시,256,02,부상자수
일반국도,22시-24시,128,02,부상자수
지방도,00시-02시,39,02,부상자수
지방도,02시-04시,9,02,부상자수
지방도,04시-06시,7,02,부상자수
지방도,06시-08시,81,02,부상자수
지방도,08시-10시,131,02,부상자수
지방도,10시-12시,158,02,부상자수
지방도,12시-14시,228,02,부상자수
지방도,14시-16시,185,02,부상자수
지방도,16시-18시,229,02,부상자수
지방도,18시-20시,210,02,부상자수
지방도,20시-22시,165,02,부상자수
지방도,22시-24시,104,02,부상자수
특별광역시도,00시-02시,248,02,부상자수
특별광역시도,02시-04시,118,02,부상자수
특별광역시도,04시-06시,137,02,부상자수
특별광역시도,06시-08시,309,02,부상자수
특별광역시도,08시-10시,689,02,부상자수
특별광역시도,10시-12시,726,02,부상자수
특별광역시도,12시-14시,903,02,부상자수
특별광역시도,14시-16시,1041,02,부상자수
특별광역시도,16시-18시,1031,02,부상자수
특별광역시도,18시-20시,1282,02,부상자수
특별광역시도,20시-22시,1015,02,부상자수
특별광역시도,22시-24시,714,02,부상자수
시도,00시-02시,190,02,부상자수
시도,02시-04시,82,02,부상자수
시도,04시-06시,103,02,부상자수
시도,06시-08시,342,02,부상자수
시도,08시-10시,559,02,부상자수
시도,10시-12시,638,02,부상자수
시도,12시-14시,842,02,부상자수
시도,14시-16시,909,02,부상자수
시도,16시-18시,883,02,부상자수
시도,18시-20시,1058,02,부상자수
시도,20시-22시,796,02,부상자수
시도,22시-24시,563,02,부상자수
군도,00시-02시,10,02,부상자수
군도,02시-04시,8,02,부상자수
군도,04시-06시,3,02,부상자수
군도,06시-08시,27,02,부상자수
군도,08시-10시,65,02,부상자수
군도,10시-12시,68,02,부상자수
군도,12시-14시,77,02,부상자수
군도,14시-16시,89,02,부상자수
군도,16시-18시,73,02,부상자수
군도,18시-20시,67,02,부상자수
군도,20시-22시,29,02,부상자수
군도,22시-24시,20,02,부상자수
고속국도,00시-02시,22,02,부상자수
고속국도,02시-04시,10,02,부상자수
고속국도,04시-06시,10,02,부상자수
고속국도,06시-08시,36,02,부상자수
고속국도,08시-10시,55,02,부상자수
고속국도,10시-12시,89,02,부상자수
고속국도,12시-14시,97,02,부상자수
고속국도,14시-16시,117,02,부상자수
고속국도,16시-18시,116,02,부상자수
고속국도,18시-20시,76,02,부상자수
고속국도,20시-22시,48,02,부상자수
고속국도,22시-24시,68,02,부상자수
일반국도,00시-02시,43,03,사고건수
일반국도,02시-04시,23,03,사고건수
일반국도,04시-06시,33,03,사고건수
일반국도,06시-08시,93,03,사고건수
일반국도,08시-10시,154,03,사고건수
일반국도,10시-12시,141,03,사고건수
일반국도,12시-14시,163,03,사고건수
일반국도,14시-16시,178,03,사고건수
일반국도,16시-18시,201,03,사고건수
일반국도,18시-20시,200,03,사고건수
일반국도,20시-22시,143,03,사고건수
일반국도,22시-24시,126,03,사고건수
지방도,00시-02시,24,03,사고건수
지방도,02시-04시,11,03,사고건수
지방도,04시-06시,22,03,사고건수
지방도,06시-08시,62,03,사고건수
지방도,08시-10시,119,03,사고건수
지방도,10시-12시,139,03,사고건수
지방도,12시-14시,135,03,사고건수
지방도,14시-16시,151,03,사고건수
지방도,16시-18시,149,03,사고건수
지방도,18시-20시,158,03,사고건수
지방도,20시-22시,102,03,사고건수
지방도,22시-24시,70,03,사고건수
특별광역시도,00시-02시,225,03,사고건수
특별광역시도,02시-04시,113,03,사고건수
특별광역시도,04시-06시,159,03,사고건수
특별광역시도,06시-08시,343,03,사고건수
특별광역시도,08시-10시,609,03,사고건수
특별광역시도,10시-12시,647,03,사고건수
특별광역시도,12시-14시,743,03,사고건수
특별광역시도,14시-16시,816,03,사고건수
특별광역시도,16시-18시,866,03,사고건수
특별광역시도,18시-20시,988,03,사고건수
특별광역시도,20시-22시,659,03,사고건수
특별광역시도,22시-24시,584,03,사고건수
시도,00시-02시,169,03,사고건수
시도,02시-04시,76,03,사고건수
시도,04시-06시,97,03,사고건수
시도,06시-08시,293,03,사고건수
시도,08시-10시,547,03,사고건수
시도,10시-12시,505,03,사고건수
시도,12시-14시,614,03,사고건수
시도,14시-16시,660,03,사고건수
시도,16시-18시,679,03,사고건수
시도,18시-20시,760,03,사고건수
시도,20시-22시,533,03,사고건수
시도,22시-24시,392,03,사고건수
군도,00시-02시,9,03,사고건수
군도,02시-04시,5,03,사고건수
군도,04시-06시,6,03,사고건수
군도,06시-08시,19,03,사고건수
군도,08시-10시,56,03,사고건수
군도,10시-12시,56,03,사고건수
군도,12시-14시,74,03,사고건수
군도,14시-16시,74,03,사고건수
군도,16시-18시,63,03,사고건수
군도,18시-20시,63,03,사고건수
군도,20시-22시,34,03,사고건수
군도,22시-24시,21,03,사고건수
고속국도,00시-02시,15,03,사고건수
고속국도,02시-04시,10,03,사고건수
고속국도,04시-06시,17,03,사고건수
고속국도,06시-08시,31,03,사고건수
고속국도,08시-10시,45,03,사고건수
고속국도,10시-12시,48,03,사고건수
고속국도,12시-14시,31,03,사고건수
고속국도,14시-16시,53,03,사고건수
고속국도,16시-18시,58,03,사고건수
고속국도,18시-20시,54,03,사고건수
고속국도,20시-22시,24,03,사고건수
고속국도,22시-24시,25,03,사고건수
일반국도,00시-02시,3,03,사망자수
일반국도,02시-04시,2,03,사망자수
일반국도,04시-06시,3,03,사망자수
일반국도,06시-08시,3,03,사망자수
일반국도,08시-10시,5,03,사망자수
일반국도,10시-12시,1,03,사망자수
일반국도,12시-14시,5,03,사망자수
일반국도,14시-16시,3,03,사망자수
일반국도,16시-18시,5,03,사망자수
일반국도,18시-20시,4,03,사망자수
일반국도,20시-22시,1,03,사망자수
일반국도,22시-24시,2,03,사망자수
지방도,00시-02시,0,03,사망자수
지방도,02시-04시,3,03,사망자수
지방도,04시-06시,5,03,사망자수
지방도,06시-08시,0,03,사망자수
지방도,08시-10시,2,03,사망자수
지방도,10시-12시,4,03,사망자수
지방도,12시-14시,3,03,사망자수
지방도,14시-16시,4,03,사망자수
지방도,16시-18시,2,03,사망자수
지방도,18시-20시,6,03,사망자수
지방도,20시-22시,0,03,사망자수
지방도,22시-24시,0,03,사망자수
특별광역시도,00시-02시,4,03,사망자수
특별광역시도,02시-04시,3,03,사망자수
특별광역시도,04시-06시,3,03,사망자수
특별광역시도,06시-08시,5,03,사망자수
특별광역시도,08시-10시,1,03,사망자수
특별광역시도,10시-12시,11,03,사망자수
특별광역시도,12시-14시,7,03,사망자수
특별광역시도,14시-16시,3,03,사망자수
특별광역시도,16시-18시,5,03,사망자수
특별광역시도,18시-20시,2,03,사망자수
특별광역시도,20시-22시,4,03,사망자수
특별광역시도,22시-24시,3,03,사망자수
시도,00시-02시,2,03,사망자수
시도,02시-04시,2,03,사망자수
시도,04시-06시,6,03,사망자수
시도,06시-08시,4,03,사망자수
시도,08시-10시,4,03,사망자수
시도,10시-12시,6,03,사망자수
시도,12시-14시,6,03,사망자수
시도,14시-16시,7,03,사망자수
시도,16시-18시,5,03,사망자수
시도,18시-20시,6,03,사망자수
시도,20시-22시,2,03,사망자수
시도,22시-24시,4,03,사망자수
군도,00시-02시,0,03,사망자수
군도,02시-04시,0,03,사망자수
군도,04시-06시,0,03,사망자수
군도,06시-08시,1,03,사망자수
군도,08시-10시,2,03,사망자수
군도,10시-12시,0,03,사망자수
군도,12시-14시,6,03,사망자수
군도,14시-16시,1,03,사망자수
군도,16시-18시,0,03,사망자수
군도,18시-20시,0,03,사망자수
군도,20시-22시,1,03,사망자수
군도,22시-24시,0,03,사망자수
고속국도,00시-02시,1,03,사망자수
고속국도,02시-04시,0,03,사망자수
고속국도,04시-06시,0,03,사망자수
고속국도,06시-08시,0,03,사망자수
고속국도,08시-10시,0,03,사망자수
고속국도,10시-12시,3,03,사망자수
고속국도,12시-14시,0,03,사망자수
고속국도,14시-16시,5,03,사망자수
고속국도,16시-18시,1,03,사망자수
고속국도,18시-20시,2,03,사망자수
고속국도,20시-22시,0,03,사망자수
고속국도,22시-24시,4,03,사망자수
일반국도,00시-02시,72,03,부상자수
일반국도,02시-04시,27,03,부상자수
일반국도,04시-06시,42,03,부상자수
일반국도,06시-08시,150,03,부상자수
일반국도,08시-10시,230,03,부상자수
일반국도,10시-12시,220,03,부상자수
일반국도,12시-14시,241,03,부상자수
일반국도,14시-16시,267,03,부상자수
일반국도,16시-18시,333,03,부상자수
일반국도,18시-20시,303,03,부상자수
일반국도,20시-22시,223,03,부상자수
일반국도,22시-24시,197,03,부상자수
지방도,00시-02시,53,03,부상자수
지방도,02시-04시,11,03,부상자수
지방도,04시-06시,20,03,부상자수
지방도,06시-08시,81,03,부상자수
지방도,08시-10시,174,03,부상자수
지방도,10시-12시,199,03,부상자수
지방도,12시-14시,218,03,부상자수
지방도,14시-16시,252,03,부상자수
지방도,16시-18시,216,03,부상자수
지방도,18시-20시,222,03,부상자수
지방도,20시-22시,158,03,부상자수
지방도,22시-24시,105,03,부상자수
특별광역시도,00시-02시,335,03,부상자수
특별광역시도,02시-04시,163,03,부상자수
특별광역시도,04시-06시,227,03,부상자수
특별광역시도,06시-08시,465,03,부상자수
특별광역시도,08시-10시,849,03,부상자수
특별광역시도,10시-12시,873,03,부상자수
특별광역시도,12시-14시,1000,03,부상자수
특별광역시도,14시-16시,1177,03,부상자수
특별광역시도,16시-18시,1213,03,부상자수
특별광역시도,18시-20시,1388,03,부상자수
특별광역시도,20시-22시,961,03,부상자수
특별광역시도,22시-24시,852,03,부상자수
시도,00시-02시,250,03,부상자수
시도,02시-04시,105,03,부상자수
시도,04시-06시,120,03,부상자수
시도,06시-08시,402,03,부상자수
시도,08시-10시,790,03,부상자수
시도,10시-12시,708,03,부상자수
시도,12시-14시,896,03,부상자수
시도,14시-16시,968,03,부상자수
시도,16시-18시,1001,03,부상자수
시도,18시-20시,1080,03,부상자수
시도,20시-22시,759,03,부상자수
시도,22시-24시,603,03,부상자수
군도,00시-02시,13,03,부상자수
군도,02시-04시,5,03,부상자수
군도,04시-06시,9,03,부상자수
군도,06시-08시,26,03,부상자수
군도,08시-10시,76,03,부상자수
군도,10시-12시,69,03,부상자수
군도,12시-14시,91,03,부상자수
군도,14시-16시,101,03,부상자수
군도,16시-18시,93,03,부상자수
군도,18시-20시,90,03,부상자수
군도,20시-22시,48,03,부상자수
군도,22시-24시,29,03,부상자수
고속국도,00시-02시,30,03,부상자수
고속국도,02시-04시,12,03,부상자수
고속국도,04시-06시,32,03,부상자수
고속국도,06시-08시,48,03,부상자수
고속국도,08시-10시,85,03,부상자수
고속국도,10시-12시,91,03,부상자수
고속국도,12시-14시,63,03,부상자수
고속국도,14시-16시,127,03,부상자수
고속국도,16시-18시,120,03,부상자수
고속국도,18시-20시,95,03,부상자수
고속국도,20시-22시,46,03,부상자수
고속국도,22시-24시,40,03,부상자수
일반국도,00시-02시,42,04,사고건수
일반국도,02시-04시,25,04,사고건수
일반국도,04시-06시,30,04,사고건수
일반국도,06시-08시,100,04,사고건수
일반국도,08시-10시,180,04,사고건수
일반국도,10시-12시,189,04,사고건수
일반국도,12시-14시,195,04,사고건수
일반국도,14시-16시,194,04,사고건수
일반국도,16시-18시,206,04,사고건수
일반국도,18시-20시,213,04,사고건수
일반국도,20시-22시,141,04,사고건수
일반국도,22시-24시,115,04,사고건수
지방도,00시-02시,33,04,사고건수
지방도,02시-04시,14,04,사고건수
지방도,04시-06시,23,04,사고건수
지방도,06시-08시,83,04,사고건수
지방도,08시-10시,128,04,사고건수
지방도,10시-12시,112,04,사고건수
지방도,12시-14시,154,04,사고건수
지방도,14시-16시,136,04,사고건수
지방도,16시-18시,181,04,사고건수
지방도,18시-20시,121,04,사고건수
지방도,20시-22시,94,04,사고건수
지방도,22시-24시,74,04,사고건수
특별광역시도,00시-02시,206,04,사고건수
특별광역시도,02시-04시,107,04,사고건수
특별광역시도,04시-06시,118,04,사고건수
특별광역시도,06시-08시,340,04,사고건수
특별광역시도,08시-10시,685,04,사고건수
특별광역시도,10시-12시,688,04,사고건수
특별광역시도,12시-14시,790,04,사고건수
특별광역시도,14시-16시,839,04,사고건수
특별광역시도,16시-18시,918,04,사고건수
특별광역시도,18시-20시,916,04,사고건수
특별광역시도,20시-22시,723,04,사고건수
특별광역시도,22시-24시,612,04,사고건수
시도,00시-02시,175,04,사고건수
시도,02시-04시,72,04,사고건수
시도,04시-06시,100,04,사고건수
시도,06시-08시,290,04,사고건수
시도,08시-10시,599,04,사고건수
시도,10시-12시,535,04,사고건수
시도,12시-14시,632,04,사고건수
시도,14시-16시,664,04,사고건수
시도,16시-18시,800,04,사고건수
시도,18시-20시,850,04,사고건수
시도,20시-22시,564,04,사고건수
시도,22시-24시,397,04,사고건수
군도,00시-02시,8,04,사고건수
군도,02시-04시,7,04,사고건수
군도,04시-06시,11,04,사고건수
군도,06시-08시,27,04,사고건수
군도,08시-10시,82,04,사고건수
군도,10시-12시,80,04,사고건수
군도,12시-14시,83,04,사고건수
군도,14시-16시,80,04,사고건수
군도,16시-18시,94,04,사고건수
군도,18시-20시,68,04,사고건수
군도,20시-22시,41,04,사고건수
군도,22시-24시,10,04,사고건수
고속국도,00시-02시,12,04,사고건수
고속국도,02시-04시,6,04,사고건수
고속국도,04시-06시,11,04,사고건수
고속국도,06시-08시,21,04,사고건수
고속국도,08시-10시,26,04,사고건수
고속국도,10시-12시,39,04,사고건수
고속국도,12시-14시,33,04,사고건수
고속국도,14시-16시,37,04,사고건수
고속국도,16시-18시,62,04,사고건수
고속국도,18시-20시,39,04,사고건수
고속국도,20시-22시,25,04,사고건수
고속국도,22시-24시,19,04,사고건수
일반국도,00시-02시,1,04,사망자수
일반국도,02시-04시,1,04,사망자수
일반국도,04시-06시,0,04,사망자수
일반국도,06시-08시,6,04,사망자수
일반국도,08시-10시,2,04,사망자수
일반국도,10시-12시,6,04,사망자수
일반국도,12시-14시,4,04,사망자수
일반국도,14시-16시,3,04,사망자수
일반국도,16시-18시,7,04,사망자수
일반국도,18시-20시,1,04,사망자수
일반국도,20시-22시,7,04,사망자수
일반국도,22시-24시,1,04,사망자수
지방도,00시-02시,2,04,사망자수
지방도,02시-04시,0,04,사망자수
지방도,04시-06시,3,04,사망자수
지방도,06시-08시,0,04,사망자수
지방도,08시-10시,4,04,사망자수
지방도,10시-12시,3,04,사망자수
지방도,12시-14시,4,04,사망자수
지방도,14시-16시,3,04,사망자수
지방도,16시-18시,3,04,사망자수
지방도,18시-20시,4,04,사망자수
지방도,20시-22시,4,04,사망자수
지방도,22시-24시,2,04,사망자수
특별광역시도,00시-02시,2,04,사망자수
특별광역시도,02시-04시,1,04,사망자수
특별광역시도,04시-06시,4,04,사망자수
특별광역시도,06시-08시,3,04,사망자수
특별광역시도,08시-10시,7,04,사망자수
특별광역시도,10시-12시,3,04,사망자수
특별광역시도,12시-14시,4,04,사망자수
특별광역시도,14시-16시,4,04,사망자수
특별광역시도,16시-18시,1,04,사망자수
특별광역시도,18시-20시,3,04,사망자수
특별광역시도,20시-22시,1,04,사망자수
특별광역시도,22시-24시,4,04,사망자수
시도,00시-02시,9,04,사망자수
시도,02시-04시,0,04,사망자수
시도,04시-06시,5,04,사망자수
시도,06시-08시,1,04,사망자수
시도,08시-10시,2,04,사망자수
시도,10시-12시,6,04,사망자수
시도,12시-14시,5,04,사망자수
시도,14시-16시,7,04,사망자수
시도,16시-18시,10,04,사망자수
시도,18시-20시,6,04,사망자수
시도,20시-22시,12,04,사망자수
시도,22시-24시,7,04,사망자수
군도,00시-02시,0,04,사망자수
군도,02시-04시,0,04,사망자수
군도,04시-06시,0,04,사망자수
군도,06시-08시,1,04,사망자수
군도,08시-10시,4,04,사망자수
군도,10시-12시,2,04,사망자수
군도,12시-14시,0,04,사망자수
군도,14시-16시,5,04,사망자수
군도,16시-18시,1,04,사망자수
군도,18시-20시,0,04,사망자수
군도,20시-22시,3,04,사망자수
군도,22시-24시,0,04,사망자수
고속국도,00시-02시,1,04,사망자수
고속국도,02시-04시,1,04,사망자수
고속국도,04시-06시,1,04,사망자수
고속국도,06시-08시,0,04,사망자수
고속국도,08시-10시,0,04,사망자수
고속국도,10시-12시,2,04,사망자수
고속국도,12시-14시,0,04,사망자수
고속국도,14시-16시,0,04,사망자수
고속국도,16시-18시,0,04,사망자수
고속국도,18시-20시,0,04,사망자수
고속국도,20시-22시,2,04,사망자수
고속국도,22시-24시,0,04,사망자수
일반국도,00시-02시,62,04,부상자수
일반국도,02시-04시,50,04,부상자수
일반국도,04시-06시,41,04,부상자수
일반국도,06시-08시,152,04,부상자수
일반국도,08시-10시,269,04,부상자수
일반국도,10시-12시,301,04,부상자수
일반국도,12시-14시,304,04,부상자수
일반국도,14시-16시,339,04,부상자수
일반국도,16시-18시,345,04,부상자수
일반국도,18시-20시,331,04,부상자수
일반국도,20시-22시,215,04,부상자수
일반국도,22시-24시,190,04,부상자수
지방도,00시-02시,51,04,부상자수
지방도,02시-04시,25,04,부상자수
지방도,04시-06시,29,04,부상자수
지방도,06시-08시,142,04,부상자수
지방도,08시-10시,186,04,부상자수
지방도,10시-12시,166,04,부상자수
지방도,12시-14시,223,04,부상자수
지방도,14시-16시,225,04,부상자수
지방도,16시-18시,260,04,부상자수
지방도,18시-20시,227,04,부상자수
지방도,20시-22시,132,04,부상자수
지방도,22시-24시,114,04,부상자수
특별광역시도,00시-02시,317,04,부상자수
특별광역시도,02시-04시,141,04,부상자수
특별광역시도,04시-06시,155,04,부상자수
특별광역시도,06시-08시,461,04,부상자수
특별광역시도,08시-10시,906,04,부상자수
특별광역시도,10시-12시,931,04,부상자수
특별광역시도,12시-14시,1105,04,부상자수
특별광역시도,14시-16시,1156,04,부상자수
특별광역시도,16시-18시,1273,04,부상자수
특별광역시도,18시-20시,1261,04,부상자수
특별광역시도,20시-22시,1034,04,부상자수
특별광역시도,22시-24시,895,04,부상자수
시도,00시-02시,244,04,부상자수
시도,02시-04시,103,04,부상자수
시도,04시-06시,144,04,부상자수
시도,06시-08시,387,04,부상자수
시도,08시-10시,828,04,부상자수
시도,10시-12시,737,04,부상자수
시도,12시-14시,920,04,부상자수
시도,14시-16시,967,04,부상자수
시도,16시-18시,1170,04,부상자수
시도,18시-20시,1231,04,부상자수
시도,20시-22시,794,04,부상자수
시도,22시-24시,627,04,부상자수
군도,00시-02시,10,04,부상자수
군도,02시-04시,8,04,부상자수
군도,04시-06시,14,04,부상자수
군도,06시-08시,38,04,부상자수
군도,08시-10시,116,04,부상자수
군도,10시-12시,123,04,부상자수
군도,12시-14시,133,04,부상자수
군도,14시-16시,107,04,부상자수
군도,16시-18시,150,04,부상자수
군도,18시-20시,90,04,부상자수
군도,20시-22시,58,04,부상자수
군도,22시-24시,13,04,부상자수
고속국도,00시-02시,32,04,부상자수
고속국도,02시-04시,7,04,부상자수
고속국도,04시-06시,20,04,부상자수
고속국도,06시-08시,33,04,부상자수
고속국도,08시-10시,51,04,부상자수
고속국도,10시-12시,92,04,부상자수
고속국도,12시-14시,63,04,부상자수
고속국도,14시-16시,89,04,부상자수
고속국도,16시-18시,130,04,부상자수
고속국도,18시-20시,67,04,부상자수
고속국도,20시-22시,44,04,부상자수
고속국도,22시-24시,38,04,부상자수
일반국도,00시-02시,38,05,사고건수
일반국도,02시-04시,22,05,사고건수
일반국도,04시-06시,37,05,사고건수
일반국도,06시-08시,107,05,사고건수
일반국도,08시-10시,159,05,사고건수
일반국도,10시-12시,166,05,사고건수
일반국도,12시-14시,209,05,사고건수
일반국도,14시-16시,219,05,사고건수
일반국도,16시-18시,228,05,사고건수
일반국도,18시-20시,194,05,사고건수
일반국도,20시-22시,152,05,사고건수
일반국도,22시-24시,107,05,사고건수
지방도,00시-02시,33,05,사고건수
지방도,02시-04시,25,05,사고건수
지방도,04시-06시,17,05,사고건수
지방도,06시-08시,72,05,사고건수
지방도,08시-10시,125,05,사고건수
지방도,10시-12시,132,05,사고건수
지방도,12시-14시,157,05,사고건수
지방도,14시-16시,159,05,사고건수
지방도,16시-18시,182,05,사고건수
지방도,18시-20시,144,05,사고건수
지방도,20시-22시,97,05,사고건수
지방도,22시-24시,65,05,사고건수
특별광역시도,00시-02시,235,05,사고건수
특별광역시도,02시-04시,121,05,사고건수
특별광역시도,04시-06시,150,05,사고건수
특별광역시도,06시-08시,317,05,사고건수
특별광역시도,08시-10시,607,05,사고건수
특별광역시도,10시-12시,643,05,사고건수
특별광역시도,12시-14시,822,05,사고건수
특별광역시도,14시-16시,877,05,사고건수
특별광역시도,16시-18시,938,05,사고건수
특별광역시도,18시-20시,859,05,사고건수
특별광역시도,20시-22시,739,05,사고건수
특별광역시도,22시-24시,582,05,사고건수
시도,00시-02시,179,05,사고건수
시도,02시-04시,96,05,사고건수
시도,04시-06시,81,05,사고건수
시도,06시-08시,257,05,사고건수
시도,08시-10시,528,05,사고건수
시도,10시-12시,546,05,사고건수
시도,12시-14시,677,05,사고건수
시도,14시-16시,673,05,사고건수
시도,16시-18시,780,05,사고건수
시도,18시-20시,724,05,사고건수
시도,20시-22시,561,05,사고건수
시도,22시-24시,414,05,사고건수
군도,00시-02시,8,05,사고건수
군도,02시-04시,8,05,사고건수
군도,04시-06시,9,05,사고건수
군도,06시-08시,25,05,사고건수
군도,08시-10시,85,05,사고건수
군도,10시-12시,72,05,사고건수
군도,12시-14시,83,05,사고건수
군도,14시-16시,73,05,사고건수
군도,16시-18시,80,05,사고건수
군도,18시-20시,74,05,사고건수
군도,20시-22시,48,05,사고건수
군도,22시-24시,20,05,사고건수
고속국도,00시-02시,14,05,사고건수
고속국도,02시-04시,18,05,사고건수
고속국도,04시-06시,24,05,사고건수
고속국도,06시-08시,25,05,사고건수
고속국도,08시-10시,42,05,사고건수
고속국도,10시-12시,58,05,사고건수
고속국도,12시-14시,45,05,사고건수
고속국도,14시-16시,56,05,사고건수
고속국도,16시-18시,47,05,사고건수
고속국도,18시-20시,36,05,사고건수
고속국도,20시-22시,32,05,사고건수
고속국도,22시-24시,32,05,사고건수
일반국도,00시-02시,2,05,사망자수
일반국도,02시-04시,0,05,사망자수
일반국도,04시-06시,2,05,사망자수
일반국도,06시-08시,3,05,사망자수
일반국도,08시-10시,7,05,사망자수
일반국도,10시-12시,5,05,사망자수
일반국도,12시-14시,7,05,사망자수
일반국도,14시-16시,6,05,사망자수
일반국도,16시-18시,5,05,사망자수
일반국도,18시-20시,2,05,사망자수
일반국도,20시-22시,2,05,사망자수
일반국도,22시-24시,2,05,사망자수
지방도,00시-02시,3,05,사망자수
지방도,02시-04시,0,05,사망자수
지방도,04시-06시,0,05,사망자수
지방도,06시-08시,1,05,사망자수
지방도,08시-10시,0,05,사망자수
지방도,10시-12시,3,05,사망자수
지방도,12시-14시,4,05,사망자수
지방도,14시-16시,3,05,사망자수
지방도,16시-18시,1,05,사망자수
지방도,18시-20시,3,05,사망자수
지방도,20시-22시,3,05,사망자수
지방도,22시-24시,4,05,사망자수
특별광역시도,00시-02시,2,05,사망자수
특별광역시도,02시-04시,2,05,사망자수
특별광역시도,04시-06시,3,05,사망자수
특별광역시도,06시-08시,5,05,사망자수
특별광역시도,08시-10시,6,05,사망자수
특별광역시도,10시-12시,7,05,사망자수
특별광역시도,12시-14시,8,05,사망자수
특별광역시도,14시-16시,7,05,사망자수
특별광역시도,16시-18시,4,05,사망자수
특별광역시도,18시-20시,1,05,사망자수
특별광역시도,20시-22시,4,05,사망자수
특별광역시도,22시-24시,4,05,사망자수
시도,00시-02시,9,05,사망자수
시도,02시-04시,11,05,사망자수
시도,04시-06시,2,05,사망자수
시도,06시-08시,4,05,사망자수
시도,08시-10시,6,05,사망자수
시도,10시-12시,6,05,사망자수
시도,12시-14시,10,05,사망자수
시도,14시-16시,5,05,사망자수
시도,16시-18시,6,05,사망자수
시도,18시-20시,7,05,사망자수
시도,20시-22시,7,05,사망자수
시도,22시-24시,9,05,사망자수
군도,00시-02시,0,05,사망자수
군도,02시-04시,0,05,사망자수
군도,04시-06시,0,05,사망자수
군도,06시-08시,1,05,사망자수
군도,08시-10시,3,05,사망자수
군도,10시-12시,2,05,사망자수
군도,12시-14시,6,05,사망자수
군도,14시-16시,2,05,사망자수
군도,16시-18시,5,05,사망자수
군도,18시-20시,2,05,사망자수
군도,20시-22시,0,05,사망자수
군도,22시-24시,0,05,사망자수
고속국도,00시-02시,1,05,사망자수
고속국도,02시-04시,2,05,사망자수
고속국도,04시-06시,6,05,사망자수
고속국도,06시-08시,0,05,사망자수
고속국도,08시-10시,0,05,사망자수
고속국도,10시-12시,2,05,사망자수
고속국도,12시-14시,2,05,사망자수
고속국도,14시-16시,2,05,사망자수
고속국도,16시-18시,1,05,사망자수
고속국도,18시-20시,2,05,사망자수
고속국도,20시-22시,1,05,사망자수
고속국도,22시-24시,1,05,사망자수
일반국도,00시-02시,64,05,부상자수
일반국도,02시-04시,29,05,부상자수
일반국도,04시-06시,52,05,부상자수
일반국도,06시-08시,154,05,부상자수
일반국도,08시-10시,241,05,부상자수
일반국도,10시-12시,247,05,부상자수
일반국도,12시-14시,358,05,부상자수
일반국도,14시-16시,350,05,부상자수
일반국도,16시-18시,371,05,부상자수
일반국도,18시-20시,311,05,부상자수
일반국도,20시-22시,244,05,부상자수
일반국도,22시-24시,157,05,부상자수
지방도,00시-02시,52,05,부상자수
지방도,02시-04시,28,05,부상자수
지방도,04시-06시,20,05,부상자수
지방도,06시-08시,132,05,부상자수
지방도,08시-10시,176,05,부상자수
지방도,10시-12시,197,05,부상자수
지방도,12시-14시,242,05,부상자수
지방도,14시-16시,253,05,부상자수
지방도,16시-18시,294,05,부상자수
지방도,18시-20시,232,05,부상자수
지방도,20시-22시,141,05,부상자수
지방도,22시-24시,106,05,부상자수
특별광역시도,00시-02시,344,05,부상자수
특별광역시도,02시-04시,171,05,부상자수
특별광역시도,04시-06시,216,05,부상자수
특별광역시도,06시-08시,443,05,부상자수
특별광역시도,08시-10시,842,05,부상자수
특별광역시도,10시-12시,873,05,부상자수
특별광역시도,12시-14시,1136,05,부상자수
특별광역시도,14시-16시,1229,05,부상자수
특별광역시도,16시-18시,1315,05,부상자수
특별광역시도,18시-20시,1157,05,부상자수
특별광역시도,20시-22시,1018,05,부상자수
특별광역시도,22시-24시,829,05,부상자수
시도,00시-02시,261,05,부상자수
시도,02시-04시,156,05,부상자수
시도,04시-06시,108,05,부상자수
시도,06시-08시,361,05,부상자수
시도,08시-10시,755,05,부상자수
시도,10시-12시,766,05,부상자수
시도,12시-14시,999,05,부상자수
시도,14시-16시,975,05,부상자수
시도,16시-18시,1142,05,부상자수
시도,18시-20시,1008,05,부상자수
시도,20시-22시,771,05,부상자수
시도,22시-24시,582,05,부상자수
군도,00시-02시,11,05,부상자수
군도,02시-04시,14,05,부상자수
군도,04시-06시,17,05,부상자수
군도,06시-08시,34,05,부상자수
군도,08시-10시,109,05,부상자수
군도,10시-12시,107,05,부상자수
군도,12시-14시,122,05,부상자수
군도,14시-16시,109,05,부상자수
군도,16시-18시,105,05,부상자수
군도,18시-20시,99,05,부상자수
군도,20시-22시,65,05,부상자수
군도,22시-24시,26,05,부상자수
고속국도,00시-02시,25,05,부상자수
고속국도,02시-04시,48,05,부상자수
고속국도,04시-06시,36,05,부상자수
고속국도,06시-08시,40,05,부상자수
고속국도,08시-10시,73,05,부상자수
고속국도,10시-12시,147,05,부상자수
고속국도,12시-14시,103,05,부상자수
고속국도,14시-16시,169,05,부상자수
고속국도,16시-18시,107,05,부상자수
고속국도,18시-20시,79,05,부상자수
고속국도,20시-22시,59,05,부상자수
고속국도,22시-24시,60,05,부상자수
일반국도,00시-02시,55,06,사고건수
일반국도,02시-04시,21,06,사고건수
일반국도,04시-06시,27,06,사고건수
일반국도,06시-08시,104,06,사고건수
일반국도,08시-10시,186,06,사고건수
일반국도,10시-12시,181,06,사고건수
일반국도,12시-14시,202,06,사고건수
일반국도,14시-16시,209,06,사고건수
일반국도,16시-18시,229,06,사고건수
일반국도,18시-20시,181,06,사고건수
일반국도,20시-22시,131,06,사고건수
일반국도,22시-24시,128,06,사고건수
지방도,00시-02시,29,06,사고건수
지방도,02시-04시,17,06,사고건수
지방도,04시-06시,10,06,사고건수
지방도,06시-08시,72,06,사고건수
지방도,08시-10시,121,06,사고건수
지방도,10시-12시,149,06,사고건수
지방도,12시-14시,152,06,사고건수
지방도,14시-16시,167,06,사고건수
지방도,16시-18시,181,06,사고건수
지방도,18시-20시,110,06,사고건수
지방도,20시-22시,97,06,사고건수
지방도,22시-24시,65,06,사고건수
특별광역시도,00시-02시,247,06,사고건수
특별광역시도,02시-04시,120,06,사고건수
특별광역시도,04시-06시,114,06,사고건수
특별광역시도,06시-08시,333,06,사고건수
특별광역시도,08시-10시,678,06,사고건수
특별광역시도,10시-12시,695,06,사고건수
특별광역시도,12시-14시,778,06,사고건수
특별광역시도,14시-16시,839,06,사고건수
특별광역시도,16시-18시,902,06,사고건수
특별광역시도,18시-20시,922,06,사고건수
특별광역시도,20시-22시,690,06,사고건수
특별광역시도,22시-24시,621,06,사고건수
시도,00시-02시,156,06,사고건수
시도,02시-04시,77,06,사고건수
시도,04시-06시,98,06,사고건수
시도,06시-08시,279,06,사고건수
시도,08시-10시,622,06,사고건수
시도,10시-12시,579,06,사고건수
시도,12시-14시,597,06,사고건수
시도,14시-16시,669,06,사고건수
시도,16시-18시,812,06,사고건수
시도,18시-20시,705,06,사고건수
시도,20시-22시,544,06,사고건수
시도,22시-24시,392,06,사고건수
군도,00시-02시,12,06,사고건수
군도,02시-04시,4,06,사고건수
군도,04시-06시,7,06,사고건수
군도,06시-08시,42,06,사고건수
군도,08시-10시,71,06,사고건수
군도,10시-12시,83,06,사고건수
군도,12시-14시,98,06,사고건수
군도,14시-16시,98,06,사고건수
군도,16시-18시,113,06,사고건수
군도,18시-20시,76,06,사고건수
군도,20시-22시,49,06,사고건수
군도,22시-24시,16,06,사고건수
고속국도,00시-02시,13,06,사고건수
고속국도,02시-04시,11,06,사고건수
고속국도,04시-06시,13,06,사고건수
고속국도,06시-08시,33,06,사고건수
고속국도,08시-10시,32,06,사고건수
고속국도,10시-12시,46,06,사고건수
고속국도,12시-14시,52,06,사고건수
고속국도,14시-16시,55,06,사고건수
고속국도,16시-18시,59,06,사고건수
고속국도,18시-20시,46,06,사고건수
고속국도,20시-22시,28,06,사고건수
고속국도,22시-24시,34,06,사고건수
일반국도,00시-02시,5,06,사망자수
일반국도,02시-04시,1,06,사망자수
일반국도,04시-06시,2,06,사망자수
일반국도,06시-08시,6,06,사망자수
일반국도,08시-10시,6,06,사망자수
일반국도,10시-12시,7,06,사망자수
일반국도,12시-14시,4,06,사망자수
일반국도,14시-16시,8,06,사망자수
일반국도,16시-18시,0,06,사망자수
일반국도,18시-20시,2,06,사망자수
일반국도,20시-22시,8,06,사망자수
일반국도,22시-24시,6,06,사망자수
지방도,00시-02시,1,06,사망자수
지방도,02시-04시,0,06,사망자수
지방도,04시-06시,1,06,사망자수
지방도,06시-08시,3,06,사망자수
지방도,08시-10시,1,06,사망자수
지방도,10시-12시,2,06,사망자수
지방도,12시-14시,4,06,사망자수
지방도,14시-16시,4,06,사망자수
지방도,16시-18시,3,06,사망자수
지방도,18시-20시,2,06,사망자수
지방도,20시-22시,1,06,사망자수
지방도,22시-24시,2,06,사망자수
특별광역시도,00시-02시,7,06,사망자수
특별광역시도,02시-04시,1,06,사망자수
특별광역시도,04시-06시,2,06,사망자수
특별광역시도,06시-08시,5,06,사망자수
특별광역시도,08시-10시,3,06,사망자수
특별광역시도,10시-12시,8,06,사망자수
특별광역시도,12시-14시,2,06,사망자수
특별광역시도,14시-16시,4,06,사망자수
특별광역시도,16시-18시,4,06,사망자수
특별광역시도,18시-20시,3,06,사망자수
특별광역시도,20시-22시,4,06,사망자수
특별광역시도,22시-24시,5,06,사망자수
시도,00시-02시,7,06,사망자수
시도,02시-04시,4,06,사망자수
시도,04시-06시,8,06,사망자수
시도,06시-08시,3,06,사망자수
시도,08시-10시,5,06,사망자수
시도,10시-12시,6,06,사망자수
시도,12시-14시,4,06,사망자수
시도,14시-16시,3,06,사망자수
시도,16시-18시,2,06,사망자수
시도,18시-20시,5,06,사망자수
시도,20시-22시,6,06,사망자수
시도,22시-24시,6,06,사망자수
군도,00시-02시,1,06,사망자수
군도,02시-04시,1,06,사망자수
군도,04시-06시,0,06,사망자수
군도,06시-08시,2,06,사망자수
군도,08시-10시,3,06,사망자수
군도,10시-12시,0,06,사망자수
군도,12시-14시,4,06,사망자수
군도,14시-16시,3,06,사망자수
군도,16시-18시,1,06,사망자수
군도,18시-20시,3,06,사망자수
군도,20시-22시,1,06,사망자수
군도,22시-24시,0,06,사망자수
고속국도,00시-02시,0,06,사망자수
고속국도,02시-04시,2,06,사망자수
고속국도,04시-06시,2,06,사망자수
고속국도,06시-08시,0,06,사망자수
고속국도,08시-10시,0,06,사망자수
고속국도,10시-12시,3,06,사망자수
고속국도,12시-14시,0,06,사망자수
고속국도,14시-16시,1,06,사망자수
고속국도,16시-18시,1,06,사망자수
고속국도,18시-20시,0,06,사망자수
고속국도,20시-22시,0,06,사망자수
고속국도,22시-24시,2,06,사망자수
일반국도,00시-02시,76,06,부상자수
일반국도,02시-04시,32,06,부상자수
일반국도,04시-06시,37,06,부상자수
일반국도,06시-08시,160,06,부상자수
일반국도,08시-10시,270,06,부상자수
일반국도,10시-12시,284,06,부상자수
일반국도,12시-14시,350,06,부상자수
일반국도,14시-16시,374,06,부상자수
일반국도,16시-18시,369,06,부상자수
일반국도,18시-20시,270,06,부상자수
일반국도,20시-22시,196,06,부상자수
일반국도,22시-24시,203,06,부상자수
지방도,00시-02시,38,06,부상자수
지방도,02시-04시,25,06,부상자수
지방도,04시-06시,14,06,부상자수
지방도,06시-08시,94,06,부상자수
지방도,08시-10시,192,06,부상자수
지방도,10시-12시,216,06,부상자수
지방도,12시-14시,252,06,부상자수
지방도,14시-16시,287,06,부상자수
지방도,16시-18시,271,06,부상자수
지방도,18시-20시,159,06,부상자수
지방도,20시-22시,140,06,부상자수
지방도,22시-24시,96,06,부상자수
특별광역시도,00시-02시,350,06,부상자수
특별광역시도,02시-04시,168,06,부상자수
특별광역시도,04시-06시,156,06,부상자수
특별광역시도,06시-08시,431,06,부상자수
특별광역시도,08시-10시,919,06,부상자수
특별광역시도,10시-12시,926,06,부상자수
특별광역시도,12시-14시,1038,06,부상자수
특별광역시도,14시-16시,1162,06,부상자수
특별광역시도,16시-18시,1246,06,부상자수
특별광역시도,18시-20시,1267,06,부상자수
특별광역시도,20시-22시,947,06,부상자수
특별광역시도,22시-24시,910,06,부상자수
시도,00시-02시,209,06,부상자수
시도,02시-04시,98,06,부상자수
시도,04시-06시,138,06,부상자수
시도,06시-08시,406,06,부상자수
시도,08시-10시,869,06,부상자수
시도,10시-12시,832,06,부상자수
시도,12시-14시,905,06,부상자수
시도,14시-16시,983,06,부상자수
시도,16시-18시,1182,06,부상자수
시도,18시-20시,935,06,부상자수
시도,20시-22시,763,06,부상자수
시도,22시-24시,601,06,부상자수
군도,00시-02시,16,06,부상자수
군도,02시-04시,9,06,부상자수
군도,04시-06시,8,06,부상자수
군도,06시-08시,59,06,부상자수
군도,08시-10시,97,06,부상자수
군도,10시-12시,123,06,부상자수
군도,12시-14시,143,06,부상자수
군도,14시-16시,148,06,부상자수
군도,16시-18시,185,06,부상자수
군도,18시-20시,109,06,부상자수
군도,20시-22시,78,06,부상자수
군도,22시-24시,20,06,부상자수
고속국도,00시-02시,28,06,부상자수
고속국도,02시-04시,14,06,부상자수
고속국도,04시-06시,19,06,부상자수
고속국도,06시-08시,56,06,부상자수
고속국도,08시-10시,50,06,부상자수
고속국도,10시-12시,98,06,부상자수
고속국도,12시-14시,108,06,부상자수
고속국도,14시-16시,115,06,부상자수
고속국도,16시-18시,131,06,부상자수
고속국도,18시-20시,76,06,부상자수
고속국도,20시-22시,45,06,부상자수
고속국도,22시-24시,75,06,부상자수
일반국도,00시-02시,52,07,사고건수
일반국도,02시-04시,19,07,사고건수
일반국도,04시-06시,41,07,사고건수
일반국도,06시-08시,88,07,사고건수
일반국도,08시-10시,167,07,사고건수
일반국도,10시-12시,201,07,사고건수
일반국도,12시-14시,194,07,사고건수
일반국도,14시-16시,205,07,사고건수
일반국도,16시-18시,207,07,사고건수
일반국도,18시-20시,180,07,사고건수
일반국도,20시-22시,155,07,사고건수
일반국도,22시-24시,96,07,사고건수
지방도,00시-02시,55,07,사고건수
지방도,02시-04시,15,07,사고건수
지방도,04시-06시,25,07,사고건수
지방도,06시-08시,68,07,사고건수
지방도,08시-10시,126,07,사고건수
지방도,10시-12시,154,07,사고건수
지방도,12시-14시,156,07,사고건수
지방도,14시-16시,166,07,사고건수
지방도,16시-18시,194,07,사고건수
지방도,18시-20시,170,07,사고건수
지방도,20시-22시,131,07,사고건수
지방도,22시-24시,80,07,사고건수
특별광역시도,00시-02시,254,07,사고건수
특별광역시도,02시-04시,119,07,사고건수
특별광역시도,04시-06시,129,07,사고건수
특별광역시도,06시-08시,308,07,사고건수
특별광역시도,08시-10시,669,07,사고건수
특별광역시도,10시-12시,773,07,사고건수
특별광역시도,12시-14시,805,07,사고건수
특별광역시도,14시-16시,800,07,사고건수
특별광역시도,16시-18시,939,07,사고건수
특별광역시도,18시-20시,888,07,사고건수
특별광역시도,20시-22시,690,07,사고건수
특별광역시도,22시-24시,558,07,사고건수
시도,00시-02시,188,07,사고건수
시도,02시-04시,78,07,사고건수
시도,04시-06시,102,07,사고건수
시도,06시-08시,298,07,사고건수
시도,08시-10시,602,07,사고건수
시도,10시-12시,604,07,사고건수
시도,12시-14시,690,07,사고건수
시도,14시-16시,634,07,사고건수
시도,16시-18시,793,07,사고건수
시도,18시-20시,827,07,사고건수
시도,20시-22시,621,07,사고건수
시도,22시-24시,415,07,사고건수
군도,00시-02시,11,07,사고건수
군도,02시-04시,8,07,사고건수
군도,04시-06시,9,07,사고건수
군도,06시-08시,48,07,사고건수
군도,08시-10시,78,07,사고건수
군도,10시-12시,92,07,사고건수
군도,12시-14시,89,07,사고건수
군도,14시-16시,91,07,사고건수
군도,16시-18시,103,07,사고건수
군도,18시-20시,66,07,사고건수
군도,20시-22시,34,07,사고건수
군도,22시-24시,25,07,사고건수
고속국도,00시-02시,15,07,사고건수
고속국도,02시-04시,14,07,사고건수
고속국도,04시-06시,10,07,사고건수
고속국도,06시-08시,25,07,사고건수
고속국도,08시-10시,48,07,사고건수
고속국도,10시-12시,49,07,사고건수
고속국도,12시-14시,38,07,사고건수
고속국도,14시-16시,69,07,사고건수
고속국도,16시-18시,66,07,사고건수
고속국도,18시-20시,49,07,사고건수
고속국도,20시-22시,27,07,사고건수
고속국도,22시-24시,32,07,사고건수
일반국도,00시-02시,6,07,사망자수
일반국도,02시-04시,0,07,사망자수
일반국도,04시-06시,3,07,사망자수
일반국도,06시-08시,1,07,사망자수
일반국도,08시-10시,2,07,사망자수
일반국도,10시-12시,3,07,사망자수
일반국도,12시-14시,6,07,사망자수
일반국도,14시-16시,1,07,사망자수
일반국도,16시-18시,3,07,사망자수
일반국도,18시-20시,3,07,사망자수
일반국도,20시-22시,5,07,사망자수
일반국도,22시-24시,1,07,사망자수
지방도,00시-02시,1,07,사망자수
지방도,02시-04시,0,07,사망자수
지방도,04시-06시,2,07,사망자수
지방도,06시-08시,2,07,사망자수
지방도,08시-10시,3,07,사망자수
지방도,10시-12시,1,07,사망자수
지방도,12시-14시,3,07,사망자수
지방도,14시-16시,5,07,사망자수
지방도,16시-18시,1,07,사망자수
지방도,18시-20시,3,07,사망자수
지방도,20시-22시,6,07,사망자수
지방도,22시-24시,1,07,사망자수
특별광역시도,00시-02시,6,07,사망자수
특별광역시도,02시-04시,7,07,사망자수
특별광역시도,04시-06시,4,07,사망자수
특별광역시도,06시-08시,7,07,사망자수
특별광역시도,08시-10시,4,07,사망자수
특별광역시도,10시-12시,13,07,사망자수
특별광역시도,12시-14시,3,07,사망자수
특별광역시도,14시-16시,5,07,사망자수
특별광역시도,16시-18시,4,07,사망자수
특별광역시도,18시-20시,3,07,사망자수
특별광역시도,20시-22시,9,07,사망자수
특별광역시도,22시-24시,4,07,사망자수
시도,00시-02시,2,07,사망자수
시도,02시-04시,7,07,사망자수
시도,04시-06시,8,07,사망자수
시도,06시-08시,4,07,사망자수
시도,08시-10시,14,07,사망자수
시도,10시-12시,4,07,사망자수
시도,12시-14시,3,07,사망자수
시도,14시-16시,10,07,사망자수
시도,16시-18시,2,07,사망자수
시도,18시-20시,4,07,사망자수
시도,20시-22시,10,07,사망자수
시도,22시-24시,4,07,사망자수
군도,00시-02시,1,07,사망자수
군도,02시-04시,0,07,사망자수
군도,04시-06시,1,07,사망자수
군도,06시-08시,4,07,사망자수
군도,08시-10시,4,07,사망자수
군도,10시-12시,3,07,사망자수
군도,12시-14시,3,07,사망자수
군도,14시-16시,3,07,사망자수
군도,16시-18시,4,07,사망자수
군도,18시-20시,2,07,사망자수
군도,20시-22시,1,07,사망자수
군도,22시-24시,2,07,사망자수
고속국도,00시-02시,0,07,사망자수
고속국도,02시-04시,4,07,사망자수
고속국도,04시-06시,0,07,사망자수
고속국도,06시-08시,0,07,사망자수
고속국도,08시-10시,1,07,사망자수
고속국도,10시-12시,0,07,사망자수
고속국도,12시-14시,3,07,사망자수
고속국도,14시-16시,0,07,사망자수
고속국도,16시-18시,1,07,사망자수
고속국도,18시-20시,0,07,사망자수
고속국도,20시-22시,0,07,사망자수
고속국도,22시-24시,1,07,사망자수
일반국도,00시-02시,78,07,부상자수
일반국도,02시-04시,36,07,부상자수
일반국도,04시-06시,62,07,부상자수
일반국도,06시-08시,130,07,부상자수
일반국도,08시-10시,244,07,부상자수
일반국도,10시-12시,329,07,부상자수
일반국도,12시-14시,347,07,부상자수
일반국도,14시-16시,370,07,부상자수
일반국도,16시-18시,340,07,부상자수
일반국도,18시-20시,285,07,부상자수
일반국도,20시-22시,247,07,부상자수
일반국도,22시-24시,149,07,부상자수
지방도,00시-02시,90,07,부상자수
지방도,02시-04시,19,07,부상자수
지방도,04시-06시,35,07,부상자수
지방도,06시-08시,100,07,부상자수
지방도,08시-10시,198,07,부상자수
지방도,10시-12시,236,07,부상자수
지방도,12시-14시,258,07,부상자수
지방도,14시-16시,258,07,부상자수
지방도,16시-18시,311,07,부상자수
지방도,18시-20시,249,07,부상자수
지방도,20시-22시,201,07,부상자수
지방도,22시-24시,108,07,부상자수
특별광역시도,00시-02시,359,07,부상자수
특별광역시도,02시-04시,166,07,부상자수
특별광역시도,04시-06시,179,07,부상자수
특별광역시도,06시-08시,392,07,부상자수
특별광역시도,08시-10시,912,07,부상자수
특별광역시도,10시-12시,1032,07,부상자수
특별광역시도,12시-14시,1110,07,부상자수
특별광역시도,14시-16시,1112,07,부상자수
특별광역시도,16시-18시,1251,07,부상자수
특별광역시도,18시-20시,1233,07,부상자수
특별광역시도,20시-22시,946,07,부상자수
특별광역시도,22시-24시,799,07,부상자수
시도,00시-02시,292,07,부상자수
시도,02시-04시,105,07,부상자수
시도,04시-06시,139,07,부상자수
시도,06시-08시,394,07,부상자수
시도,08시-10시,832,07,부상자수
시도,10시-12시,888,07,부상자수
시도,12시-14시,990,07,부상자수
시도,14시-16시,914,07,부상자수
시도,16시-18시,1118,07,부상자수
시도,18시-20시,1146,07,부상자수
시도,20시-22시,861,07,부상자수
시도,22시-24시,597,07,부상자수
군도,00시-02시,15,07,부상자수
군도,02시-04시,10,07,부상자수
군도,04시-06시,10,07,부상자수
군도,06시-08시,65,07,부상자수
군도,08시-10시,144,07,부상자수
군도,10시-12시,147,07,부상자수
군도,12시-14시,135,07,부상자수
군도,14시-16시,121,07,부상자수
군도,16시-18시,138,07,부상자수
군도,18시-20시,83,07,부상자수
군도,20시-22시,42,07,부상자수
군도,22시-24시,33,07,부상자수
고속국도,00시-02시,31,07,부상자수
고속국도,02시-04시,15,07,부상자수
고속국도,04시-06시,25,07,부상자수
고속국도,06시-08시,47,07,부상자수
고속국도,08시-10시,81,07,부상자수
고속국도,10시-12시,113,07,부상자수
고속국도,12시-14시,81,07,부상자수
고속국도,14시-16시,162,07,부상자수
고속국도,16시-18시,140,07,부상자수
고속국도,18시-20시,105,07,부상자수
고속국도,20시-22시,32,07,부상자수
고속국도,22시-24시,62,07,부상자수
일반국도,00시-02시,40,08,사고건수
일반국도,02시-04시,18,08,사고건수
일반국도,04시-06시,43,08,사고건수
일반국도,06시-08시,91,08,사고건수
일반국도,08시-10시,160,08,사고건수
일반국도,10시-12시,171,08,사고건수
일반국도,12시-14시,218,08,사고건수
일반국도,14시-16시,182,08,사고건수
일반국도,16시-18시,181,08,사고건수
일반국도,18시-20시,191,08,사고건수
일반국도,20시-22시,167,08,사고건수
일반국도,22시-24시,76,08,사고건수
지방도,00시-02시,27,08,사고건수
지방도,02시-04시,13,08,사고건수
지방도,04시-06시,22,08,사고건수
지방도,06시-08시,53,08,사고건수
지방도,08시-10시,114,08,사고건수
지방도,10시-12시,145,08,사고건수
지방도,12시-14시,151,08,사고건수
지방도,14시-16시,171,08,사고건수
지방도,16시-18시,158,08,사고건수
지방도,18시-20시,148,08,사고건수
지방도,20시-22시,123,08,사고건수
지방도,22시-24시,54,08,사고건수
특별광역시도,00시-02시,169,08,사고건수
특별광역시도,02시-04시,89,08,사고건수
특별광역시도,04시-06시,116,08,사고건수
특별광역시도,06시-08시,288,08,사고건수
특별광역시도,08시-10시,558,08,사고건수
특별광역시도,10시-12시,663,08,사고건수
특별광역시도,12시-14시,772,08,사고건수
특별광역시도,14시-16시,763,08,사고건수
특별광역시도,16시-18시,863,08,사고건수
특별광역시도,18시-20시,897,08,사고건수
특별광역시도,20시-22시,732,08,사고건수
특별광역시도,22시-24시,526,08,사고건수
시도,00시-02시,121,08,사고건수
시도,02시-04시,59,08,사고건수
시도,04시-06시,78,08,사고건수
시도,06시-08시,235,08,사고건수
시도,08시-10시,491,08,사고건수
시도,10시-12시,557,08,사고건수
시도,12시-14시,616,08,사고건수
시도,14시-16시,629,08,사고건수
시도,16시-18시,696,08,사고건수
시도,18시-20시,706,08,사고건수
시도,20시-22시,565,08,사고건수
시도,22시-24시,366,08,사고건수
군도,00시-02시,7,08,사고건수
군도,02시-04시,7,08,사고건수
군도,04시-06시,6,08,사고건수
군도,06시-08시,34,08,사고건수
군도,08시-10시,73,08,사고건수
군도,10시-12시,67,08,사고건수
군도,12시-14시,90,08,사고건수
군도,14시-16시,91,08,사고건수
군도,16시-18시,87,08,사고건수
군도,18시-20시,61,08,사고건수
군도,20시-22시,48,08,사고건수
군도,22시-24시,26,08,사고건수
고속국도,00시-02시,16,08,사고건수
고속국도,02시-04시,4,08,사고건수
고속국도,04시-06시,11,08,사고건수
고속국도,06시-08시,20,08,사고건수
고속국도,08시-10시,34,08,사고건수
고속국도,10시-12시,47,08,사고건수
고속국도,12시-14시,56,08,사고건수
고속국도,14시-16시,64,08,사고건수
고속국도,16시-18시,66,08,사고건수
고속국도,18시-20시,44,08,사고건수
고속국도,20시-22시,39,08,사고건수
고속국도,22시-24시,21,08,사고건수
일반국도,00시-02시,3,08,사망자수
일반국도,02시-04시,0,08,사망자수
일반국도,04시-06시,5,08,사망자수
일반국도,06시-08시,2,08,사망자수
일반국도,08시-10시,5,08,사망자수
일반국도,10시-12시,5,08,사망자수
일반국도,12시-14시,6,08,사망자수
일반국도,14시-16시,1,08,사망자수
일반국도,16시-18시,0,08,사망자수
일반국도,18시-20시,0,08,사망자수
일반국도,20시-22시,11,08,사망자수
일반국도,22시-24시,2,08,사망자수
지방도,00시-02시,2,08,사망자수
지방도,02시-04시,3,08,사망자수
지방도,04시-06시,0,08,사망자수
지방도,06시-08시,4,08,사망자수
지방도,08시-10시,1,08,사망자수
지방도,10시-12시,4,08,사망자수
지방도,12시-14시,1,08,사망자수
지방도,14시-16시,4,08,사망자수
지방도,16시-18시,5,08,사망자수
지방도,18시-20시,3,08,사망자수
지방도,20시-22시,3,08,사망자수
지방도,22시-24시,0,08,사망자수
특별광역시도,00시-02시,3,08,사망자수
특별광역시도,02시-04시,2,08,사망자수
특별광역시도,04시-06시,5,08,사망자수
특별광역시도,06시-08시,5,08,사망자수
특별광역시도,08시-10시,4,08,사망자수
특별광역시도,10시-12시,6,08,사망자수
특별광역시도,12시-14시,6,08,사망자수
특별광역시도,14시-16시,3,08,사망자수
특별광역시도,16시-18시,10,08,사망자수
특별광역시도,18시-20시,4,08,사망자수
특별광역시도,20시-22시,8,08,사망자수
특별광역시도,22시-24시,6,08,사망자수
시도,00시-02시,3,08,사망자수
시도,02시-04시,7,08,사망자수
시도,04시-06시,7,08,사망자수
시도,06시-08시,3,08,사망자수
시도,08시-10시,8,08,사망자수
시도,10시-12시,6,08,사망자수
시도,12시-14시,4,08,사망자수
시도,14시-16시,4,08,사망자수
시도,16시-18시,6,08,사망자수
시도,18시-20시,7,08,사망자수
시도,20시-22시,6,08,사망자수
시도,22시-24시,8,08,사망자수
군도,00시-02시,0,08,사망자수
군도,02시-04시,0,08,사망자수
군도,04시-06시,0,08,사망자수
군도,06시-08시,1,08,사망자수
군도,08시-10시,2,08,사망자수
군도,10시-12시,0,08,사망자수
군도,12시-14시,3,08,사망자수
군도,14시-16시,4,08,사망자수
군도,16시-18시,2,08,사망자수
군도,18시-20시,2,08,사망자수
군도,20시-22시,2,08,사망자수
군도,22시-24시,3,08,사망자수
고속국도,00시-02시,4,08,사망자수
고속국도,02시-04시,1,08,사망자수
고속국도,04시-06시,0,08,사망자수
고속국도,06시-08시,0,08,사망자수
고속국도,08시-10시,2,08,사망자수
고속국도,10시-12시,0,08,사망자수
고속국도,12시-14시,0,08,사망자수
고속국도,14시-16시,5,08,사망자수
고속국도,16시-18시,0,08,사망자수
고속국도,18시-20시,0,08,사망자수
고속국도,20시-22시,3,08,사망자수
고속국도,22시-24시,2,08,사망자수
일반국도,00시-02시,68,08,부상자수
일반국도,02시-04시,25,08,부상자수
일반국도,04시-06시,51,08,부상자수
일반국도,06시-08시,125,08,부상자수
일반국도,08시-10시,237,08,부상자수
일반국도,10시-12시,293,08,부상자수
일반국도,12시-14시,374,08,부상자수
일반국도,14시-16시,310,08,부상자수
일반국도,16시-18시,299,08,부상자수
일반국도,18시-20시,289,08,부상자수
일반국도,20시-22시,259,08,부상자수
일반국도,22시-24시,111,08,부상자수
지방도,00시-02시,35,08,부상자수
지방도,02시-04시,21,08,부상자수
지방도,04시-06시,29,08,부상자수
지방도,06시-08시,67,08,부상자수
지방도,08시-10시,168,08,부상자수
지방도,10시-12시,201,08,부상자수
지방도,12시-14시,251,08,부상자수
지방도,14시-16시,273,08,부상자수
지방도,16시-18시,250,08,부상자수
지방도,18시-20시,228,08,부상자수
지방도,20시-22시,189,08,부상자수
지방도,22시-24시,79,08,부상자수
특별광역시도,00시-02시,225,08,부상자수
특별광역시도,02시-04시,130,08,부상자수
특별광역시도,04시-06시,152,08,부상자수
특별광역시도,06시-08시,379,08,부상자수
특별광역시도,08시-10시,751,08,부상자수
특별광역시도,10시-12시,919,08,부상자수
특별광역시도,12시-14시,1080,08,부상자수
특별광역시도,14시-16시,1066,08,부상자수
특별광역시도,16시-18시,1216,08,부상자수
특별광역시도,18시-20시,1195,08,부상자수
특별광역시도,20시-22시,1031,08,부상자수
특별광역시도,22시-24시,731,08,부상자수
시도,00시-02시,176,08,부상자수
시도,02시-04시,88,08,부상자수
시도,04시-06시,108,08,부상자수
시도,06시-08시,330,08,부상자수
시도,08시-10시,704,08,부상자수
시도,10시-12시,796,08,부상자수
시도,12시-14시,924,08,부상자수
시도,14시-16시,958,08,부상자수
시도,16시-18시,1009,08,부상자수
시도,18시-20시,977,08,부상자수
시도,20시-22시,797,08,부상자수
시도,22시-24시,522,08,부상자수
군도,00시-02시,7,08,부상자수
군도,02시-04시,17,08,부상자수
군도,04시-06시,12,08,부상자수
군도,06시-08시,46,08,부상자수
군도,08시-10시,100,08,부상자수
군도,10시-12시,93,08,부상자수
군도,12시-14시,121,08,부상자수
군도,14시-16시,159,08,부상자수
군도,16시-18시,135,08,부상자수
군도,18시-20시,91,08,부상자수
군도,20시-22시,61,08,부상자수
군도,22시-24시,35,08,부상자수
고속국도,00시-02시,31,08,부상자수
고속국도,02시-04시,8,08,부상자수
고속국도,04시-06시,14,08,부상자수
고속국도,06시-08시,28,08,부상자수
고속국도,08시-10시,74,08,부상자수
고속국도,10시-12시,110,08,부상자수
고속국도,12시-14시,141,08,부상자수
고속국도,14시-16시,138,08,부상자수
고속국도,16시-18시,131,08,부상자수
고속국도,18시-20시,90,08,부상자수
고속국도,20시-22시,81,08,부상자수
고속국도,22시-24시,54,08,부상자수
일반국도,00시-02시,27,09,사고건수
일반국도,02시-04시,15,09,사고건수
일반국도,04시-06시,46,09,사고건수
일반국도,06시-08시,94,09,사고건수
일반국도,08시-10시,184,09,사고건수
일반국도,10시-12시,195,09,사고건수
일반국도,12시-14시,163,09,사고건수
일반국도,14시-16시,200,09,사고건수
일반국도,16시-18시,205,09,사고건수
일반국도,18시-20시,243,09,사고건수
일반국도,20시-22시,171,09,사고건수
일반국도,22시-24시,108,09,사고건수
지방도,00시-02시,27,09,사고건수
지방도,02시-04시,19,09,사고건수
지방도,04시-06시,19,09,사고건수
지방도,06시-08시,66,09,사고건수
지방도,08시-10시,122,09,사고건수
지방도,10시-12시,142,09,사고건수
지방도,12시-14시,150,09,사고건수
지방도,14시-16시,128,09,사고건수
지방도,16시-18시,169,09,사고건수
지방도,18시-20시,161,09,사고건수
지방도,20시-22시,102,09,사고건수
지방도,22시-24시,50,09,사고건수
특별광역시도,00시-02시,206,09,사고건수
특별광역시도,02시-04시,90,09,사고건수
특별광역시도,04시-06시,118,09,사고건수
특별광역시도,06시-08시,294,09,사고건수
특별광역시도,08시-10시,604,09,사고건수
특별광역시도,10시-12시,671,09,사고건수
특별광역시도,12시-14시,783,09,사고건수
특별광역시도,14시-16시,833,09,사고건수
특별광역시도,16시-18시,885,09,사고건수
특별광역시도,18시-20시,925,09,사고건수
특별광역시도,20시-22시,676,09,사고건수
특별광역시도,22시-24시,536,09,사고건수
시도,00시-02시,118,09,사고건수
시도,02시-04시,51,09,사고건수
시도,04시-06시,109,09,사고건수
시도,06시-08시,236,09,사고건수
시도,08시-10시,542,09,사고건수
시도,10시-12시,567,09,사고건수
시도,12시-14시,643,09,사고건수
시도,14시-16시,669,09,사고건수
시도,16시-18시,791,09,사고건수
시도,18시-20시,774,09,사고건수
시도,20시-22시,495,09,사고건수
시도,22시-24시,381,09,사고건수
군도,00시-02시,6,09,사고건수
군도,02시-04시,5,09,사고건수
군도,04시-06시,5,09,사고건수
군도,06시-08시,42,09,사고건수
군도,08시-10시,79,09,사고건수
군도,10시-12시,78,09,사고건수
군도,12시-14시,78,09,사고건수
군도,14시-16시,80,09,사고건수
군도,16시-18시,101,09,사고건수
군도,18시-20시,73,09,사고건수
군도,20시-22시,34,09,사고건수
군도,22시-24시,22,09,사고건수
고속국도,00시-02시,16,09,사고건수
고속국도,02시-04시,9,09,사고건수
고속국도,04시-06시,14,09,사고건수
고속국도,06시-08시,28,09,사고건수
고속국도,08시-10시,34,09,사고건수
고속국도,10시-12시,46,09,사고건수
고속국도,12시-14시,49,09,사고건수
고속국도,14시-16시,69,09,사고건수
고속국도,16시-18시,57,09,사고건수
고속국도,18시-20시,42,09,사고건수
고속국도,20시-22시,38,09,사고건수
고속국도,22시-24시,19,09,사고건수
일반국도,00시-02시,1,09,사망자수
일반국도,02시-04시,1,09,사망자수
일반국도,04시-06시,3,09,사망자수
일반국도,06시-08시,4,09,사망자수
일반국도,08시-10시,2,09,사망자수
일반국도,10시-12시,9,09,사망자수
일반국도,12시-14시,3,09,사망자수
일반국도,14시-16시,3,09,사망자수
일반국도,16시-18시,3,09,사망자수
일반국도,18시-20시,3,09,사망자수
일반국도,20시-22시,2,09,사망자수
일반국도,22시-24시,7,09,사망자수
지방도,00시-02시,4,09,사망자수
지방도,02시-04시,3,09,사망자수
지방도,04시-06시,1,09,사망자수
지방도,06시-08시,0,09,사망자수
지방도,08시-10시,1,09,사망자수
지방도,10시-12시,6,09,사망자수
지방도,12시-14시,1,09,사망자수
지방도,14시-16시,1,09,사망자수
지방도,16시-18시,3,09,사망자수
지방도,18시-20시,2,09,사망자수
지방도,20시-22시,1,09,사망자수
지방도,22시-24시,2,09,사망자수
특별광역시도,00시-02시,6,09,사망자수
특별광역시도,02시-04시,4,09,사망자수
특별광역시도,04시-06시,5,09,사망자수
특별광역시도,06시-08시,2,09,사망자수
특별광역시도,08시-10시,5,09,사망자수
특별광역시도,10시-12시,3,09,사망자수
특별광역시도,12시-14시,8,09,사망자수
특별광역시도,14시-16시,6,09,사망자수
특별광역시도,16시-18시,7,09,사망자수
특별광역시도,18시-20시,7,09,사망자수
특별광역시도,20시-22시,5,09,사망자수
특별광역시도,22시-24시,3,09,사망자수
시도,00시-02시,7,09,사망자수
시도,02시-04시,4,09,사망자수
시도,04시-06시,9,09,사망자수
시도,06시-08시,1,09,사망자수
시도,08시-10시,3,09,사망자수
시도,10시-12시,7,09,사망자수
시도,12시-14시,7,09,사망자수
시도,14시-16시,3,09,사망자수
시도,16시-18시,8,09,사망자수
시도,18시-20시,10,09,사망자수
시도,20시-22시,5,09,사망자수
시도,22시-24시,4,09,사망자수
군도,00시-02시,0,09,사망자수
군도,02시-04시,0,09,사망자수
군도,04시-06시,0,09,사망자수
군도,06시-08시,2,09,사망자수
군도,08시-10시,1,09,사망자수
군도,10시-12시,3,09,사망자수
군도,12시-14시,1,09,사망자수
군도,14시-16시,2,09,사망자수
군도,16시-18시,1,09,사망자수
군도,18시-20시,3,09,사망자수
군도,20시-22시,2,09,사망자수
군도,22시-24시,0,09,사망자수
고속국도,00시-02시,0,09,사망자수
고속국도,02시-04시,2,09,사망자수
고속국도,04시-06시,1,09,사망자수
고속국도,06시-08시,2,09,사망자수
고속국도,08시-10시,1,09,사망자수
고속국도,10시-12시,1,09,사망자수
고속국도,12시-14시,4,09,사망자수
고속국도,14시-16시,2,09,사망자수
고속국도,16시-18시,1,09,사망자수
고속국도,18시-20시,0,09,사망자수
고속국도,20시-22시,0,09,사망자수
고속국도,22시-24시,2,09,사망자수
일반국도,00시-02시,43,09,부상자수
일반국도,02시-04시,19,09,부상자수
일반국도,04시-06시,53,09,부상자수
일반국도,06시-08시,150,09,부상자수
일반국도,08시-10시,293,09,부상자수
일반국도,10시-12시,313,09,부상자수
일반국도,12시-14시,273,09,부상자수
일반국도,14시-16시,330,09,부상자수
일반국도,16시-18시,359,09,부상자수
일반국도,18시-20시,355,09,부상자수
일반국도,20시-22시,262,09,부상자수
일반국도,22시-24시,170,09,부상자수
지방도,00시-02시,32,09,부상자수
지방도,02시-04시,25,09,부상자수
지방도,04시-06시,20,09,부상자수
지방도,06시-08시,96,09,부상자수
지방도,08시-10시,159,09,부상자수
지방도,10시-12시,219,09,부상자수
지방도,12시-14시,245,09,부상자수
지방도,14시-16시,198,09,부상자수
지방도,16시-18시,283,09,부상자수
지방도,18시-20시,242,09,부상자수
지방도,20시-22시,143,09,부상자수
지방도,22시-24시,75,09,부상자수
특별광역시도,00시-02시,296,09,부상자수
특별광역시도,02시-04시,129,09,부상자수
특별광역시도,04시-06시,159,09,부상자수
특별광역시도,06시-08시,381,09,부상자수
특별광역시도,08시-10시,803,09,부상자수
특별광역시도,10시-12시,910,09,부상자수
특별광역시도,12시-14시,1019,09,부상자수
특별광역시도,14시-16시,1170,09,부상자수
특별광역시도,16시-18시,1216,09,부상자수
특별광역시도,18시-20시,1244,09,부상자수
특별광역시도,20시-22시,928,09,부상자수
특별광역시도,22시-24시,782,09,부상자수
시도,00시-02시,183,09,부상자수
시도,02시-04시,86,09,부상자수
시도,04시-06시,141,09,부상자수
시도,06시-08시,323,09,부상자수
시도,08시-10시,752,09,부상자수
시도,10시-12시,788,09,부상자수
시도,12시-14시,936,09,부상자수
시도,14시-16시,978,09,부상자수
시도,16시-18시,1156,09,부상자수
시도,18시-20시,1032,09,부상자수
시도,20시-22시,649,09,부상자수
시도,22시-24시,550,09,부상자수
군도,00시-02시,9,09,부상자수
군도,02시-04시,6,09,부상자수
군도,04시-06시,7,09,부상자수
군도,06시-08시,48,09,부상자수
군도,08시-10시,106,09,부상자수
군도,10시-12시,127,09,부상자수
군도,12시-14시,126,09,부상자수
군도,14시-16시,122,09,부상자수
군도,16시-18시,152,09,부상자수
군도,18시-20시,103,09,부상자수
군도,20시-22시,36,09,부상자수
군도,22시-24시,27,09,부상자수
고속국도,00시-02시,25,09,부상자수
고속국도,02시-04시,8,09,부상자수
고속국도,04시-06시,22,09,부상자수
고속국도,06시-08시,47,09,부상자수
고속국도,08시-10시,52,09,부상자수
고속국도,10시-12시,126,09,부상자수
고속국도,12시-14시,112,09,부상자수
고속국도,14시-16시,145,09,부상자수
고속국도,16시-18시,153,09,부상자수
고속국도,18시-20시,71,09,부상자수
고속국도,20시-22시,73,09,부상자수
고속국도,22시-24시,30,09,부상자수
일반국도,00시-02시,39,10,사고건수
일반국도,02시-04시,13,10,사고건수
일반국도,04시-06시,51,10,사고건수
일반국도,06시-08시,94,10,사고건수
일반국도,08시-10시,194,10,사고건수
일반국도,10시-12시,169,10,사고건수
일반국도,12시-14시,202,10,사고건수
일반국도,14시-16시,217,10,사고건수
일반국도,16시-18시,226,10,사고건수
일반국도,18시-20시,311,10,사고건수
일반국도,20시-22시,148,10,사고건수
일반국도,22시-24시,139,10,사고건수
지방도,00시-02시,38,10,사고건수
지방도,02시-04시,7,10,사고건수
지방도,04시-06시,25,10,사고건수
지방도,06시-08시,74,10,사고건수
지방도,08시-10시,109,10,사고건수
지방도,10시-12시,122,10,사고건수
지방도,12시-14시,157,10,사고건수
지방도,14시-16시,165,10,사고건수
지방도,16시-18시,179,10,사고건수
지방도,18시-20시,238,10,사고건수
지방도,20시-22시,101,10,사고건수
지방도,22시-24시,65,10,사고건수
특별광역시도,00시-02시,211,10,사고건수
특별광역시도,02시-04시,77,10,사고건수
특별광역시도,04시-06시,130,10,사고건수
특별광역시도,06시-08시,315,10,사고건수
특별광역시도,08시-10시,631,10,사고건수
특별광역시도,10시-12시,723,10,사고건수
특별광역시도,12시-14시,744,10,사고건수
특별광역시도,14시-16시,787,10,사고건수
특별광역시도,16시-18시,880,10,사고건수
특별광역시도,18시-20시,1141,10,사고건수
특별광역시도,20시-22시,610,10,사고건수
특별광역시도,22시-24시,625,10,사고건수
시도,00시-02시,151,10,사고건수
시도,02시-04시,58,10,사고건수
시도,04시-06시,104,10,사고건수
시도,06시-08시,304,10,사고건수
시도,08시-10시,599,10,사고건수
시도,10시-12시,609,10,사고건수
시도,12시-14시,662,10,사고건수
시도,14시-16시,682,10,사고건수
시도,16시-18시,803,10,사고건수
시도,18시-20시,1046,10,사고건수
시도,20시-22시,521,10,사고건수
시도,22시-24시,465,10,사고건수
군도,00시-02시,8,10,사고건수
군도,02시-04시,9,10,사고건수
군도,04시-06시,7,10,사고건수
군도,06시-08시,38,10,사고건수
군도,08시-10시,88,10,사고건수
군도,10시-12시,57,10,사고건수
군도,12시-14시,79,10,사고건수
군도,14시-16시,111,10,사고건수
군도,16시-18시,81,10,사고건수
군도,18시-20시,113,10,사고건수
군도,20시-22시,40,10,사고건수
군도,22시-24시,23,10,사고건수
고속국도,00시-02시,15,10,사고건수
고속국도,02시-04시,6,10,사고건수
고속국도,04시-06시,12,10,사고건수
고속국도,06시-08시,41,10,사고건수
고속국도,08시-10시,28,10,사고건수
고속국도,10시-12시,49,10,사고건수
고속국도,12시-14시,49,10,사고건수
고속국도,14시-16시,56,10,사고건수
고속국도,16시-18시,54,10,사고건수
고속국도,18시-20시,62,10,사고건수
고속국도,20시-22시,40,10,사고건수
고속국도,22시-24시,35,10,사고건수
일반국도,00시-02시,1,10,사망자수
일반국도,02시-04시,2,10,사망자수
일반국도,04시-06시,3,10,사망자수
일반국도,06시-08시,7,10,사망자수
일반국도,08시-10시,3,10,사망자수
일반국도,10시-12시,6,10,사망자수
일반국도,12시-14시,6,10,사망자수
일반국도,14시-16시,5,10,사망자수
일반국도,16시-18시,3,10,사망자수
일반국도,18시-20시,14,10,사망자수
일반국도,20시-22시,9,10,사망자수
일반국도,22시-24시,5,10,사망자수
지방도,00시-02시,3,10,사망자수
지방도,02시-04시,0,10,사망자수
지방도,04시-06시,2,10,사망자수
지방도,06시-08시,3,10,사망자수
지방도,08시-10시,1,10,사망자수
지방도,10시-12시,2,10,사망자수
지방도,12시-14시,3,10,사망자수
지방도,14시-16시,2,10,사망자수
지방도,16시-18시,5,10,사망자수
지방도,18시-20시,10,10,사망자수
지방도,20시-22시,1,10,사망자수
지방도,22시-24시,2,10,사망자수
특별광역시도,00시-02시,6,10,사망자수
특별광역시도,02시-04시,8,10,사망자수
특별광역시도,04시-06시,1,10,사망자수
특별광역시도,06시-08시,5,10,사망자수
특별광역시도,08시-10시,2,10,사망자수
특별광역시도,10시-12시,7,10,사망자수
특별광역시도,12시-14시,5,10,사망자수
특별광역시도,14시-16시,6,10,사망자수
특별광역시도,16시-18시,5,10,사망자수
특별광역시도,18시-20시,11,10,사망자수
특별광역시도,20시-22시,8,10,사망자수
특별광역시도,22시-24시,5,10,사망자수
시도,00시-02시,6,10,사망자수
시도,02시-04시,2,10,사망자수
시도,04시-06시,8,10,사망자수
시도,06시-08시,6,10,사망자수
시도,08시-10시,6,10,사망자수
시도,10시-12시,2,10,사망자수
시도,12시-14시,8,10,사망자수
시도,14시-16시,11,10,사망자수
시도,16시-18시,6,10,사망자수
시도,18시-20시,7,10,사망자수
시도,20시-22시,9,10,사망자수
시도,22시-24시,16,10,사망자수
군도,00시-02시,0,10,사망자수
군도,02시-04시,1,10,사망자수
군도,04시-06시,0,10,사망자수
군도,06시-08시,2,10,사망자수
군도,08시-10시,2,10,사망자수
군도,10시-12시,2,10,사망자수
군도,12시-14시,2,10,사망자수
군도,14시-16시,5,10,사망자수
군도,16시-18시,1,10,사망자수
군도,18시-20시,4,10,사망자수
군도,20시-22시,0,10,사망자수
군도,22시-24시,1,10,사망자수
고속국도,00시-02시,0,10,사망자수
고속국도,02시-04시,0,10,사망자수
고속국도,04시-06시,2,10,사망자수
고속국도,06시-08시,1,10,사망자수
고속국도,08시-10시,0,10,사망자수
고속국도,10시-12시,2,10,사망자수
고속국도,12시-14시,1,10,사망자수
고속국도,14시-16시,5,10,사망자수
고속국도,16시-18시,1,10,사망자수
고속국도,18시-20시,0,10,사망자수
고속국도,20시-22시,2,10,사망자수
고속국도,22시-24시,2,10,사망자수
일반국도,00시-02시,56,10,부상자수
일반국도,02시-04시,21,10,부상자수
일반국도,04시-06시,87,10,부상자수
일반국도,06시-08시,135,10,부상자수
일반국도,08시-10시,273,10,부상자수
일반국도,10시-12시,273,10,부상자수
일반국도,12시-14시,330,10,부상자수
일반국도,14시-16시,387,10,부상자수
일반국도,16시-18시,341,10,부상자수
일반국도,18시-20시,481,10,부상자수
일반국도,20시-22시,211,10,부상자수
일반국도,22시-24시,201,10,부상자수
지방도,00시-02시,51,10,부상자수
지방도,02시-04시,18,10,부상자수
지방도,04시-06시,31,10,부상자수
지방도,06시-08시,104,10,부상자수
지방도,08시-10시,173,10,부상자수
지방도,10시-12시,204,10,부상자수
지방도,12시-14시,245,10,부상자수
지방도,14시-16시,277,10,부상자수
지방도,16시-18시,274,10,부상자수
지방도,18시-20시,356,10,부상자수
지방도,20시-22시,143,10,부상자수
지방도,22시-24시,106,10,부상자수
특별광역시도,00시-02시,318,10,부상자수
특별광역시도,02시-04시,99,10,부상자수
특별광역시도,04시-06시,182,10,부상자수
특별광역시도,06시-08시,376,10,부상자수
특별광역시도,08시-10시,853,10,부상자수
특별광역시도,10시-12시,980,10,부상자수
특별광역시도,12시-14시,1049,10,부상자수
특별광역시도,14시-16시,1100,10,부상자수
특별광역시도,16시-18시,1195,10,부상자수
특별광역시도,18시-20시,1641,10,부상자수
특별광역시도,20시-22시,827,10,부상자수
특별광역시도,22시-24시,958,10,부상자수
시도,00시-02시,220,10,부상자수
시도,02시-04시,83,10,부상자수
시도,04시-06시,137,10,부상자수
시도,06시-08시,406,10,부상자수
시도,08시-10시,868,10,부상자수
시도,10시-12시,824,10,부상자수
시도,12시-14시,935,10,부상자수
시도,14시-16시,956,10,부상자수
시도,16시-18시,1124,10,부상자수
시도,18시-20시,1459,10,부상자수
시도,20시-22시,757,10,부상자수
시도,22시-24시,678,10,부상자수
군도,00시-02시,11,10,부상자수
군도,02시-04시,10,10,부상자수
군도,04시-06시,11,10,부상자수
군도,06시-08시,44,10,부상자수
군도,08시-10시,121,10,부상자수
군도,10시-12시,80,10,부상자수
군도,12시-14시,123,10,부상자수
군도,14시-16시,176,10,부상자수
군도,16시-18시,126,10,부상자수
군도,18시-20시,134,10,부상자수
군도,20시-22시,51,10,부상자수
군도,22시-24시,37,10,부상자수
고속국도,00시-02시,25,10,부상자수
고속국도,02시-04시,10,10,부상자수
고속국도,04시-06시,21,10,부상자수
고속국도,06시-08시,74,10,부상자수
고속국도,08시-10시,48,10,부상자수
고속국도,10시-12시,120,10,부상자수
고속국도,12시-14시,106,10,부상자수
고속국도,14시-16시,122,10,부상자수
고속국도,16시-18시,102,10,부상자수
고속국도,18시-20시,135,10,부상자수
고속국도,20시-22시,67,10,부상자수
고속국도,22시-24시,57,10,부상자수
일반국도,00시-02시,71,11,사고건수
일반국도,02시-04시,24,11,사고건수
일반국도,04시-06시,41,11,사고건수
일반국도,06시-08시,126,11,사고건수
일반국도,08시-10시,193,11,사고건수
일반국도,10시-12시,175,11,사고건수
일반국도,12시-14시,194,11,사고건수
일반국도,14시-16시,180,11,사고건수
일반국도,16시-18시,255,11,사고건수
일반국도,18시-20시,302,11,사고건수
일반국도,20시-22시,138,11,사고건수
일반국도,22시-24시,94,11,사고건수
지방도,00시-02시,37,11,사고건수
지방도,02시-04시,20,11,사고건수
지방도,04시-06시,18,11,사고건수
지방도,06시-08시,94,11,사고건수
지방도,08시-10시,128,11,사고건수
지방도,10시-12시,138,11,사고건수
지방도,12시-14시,146,11,사고건수
지방도,14시-16시,162,11,사고건수
지방도,16시-18시,181,11,사고건수
지방도,18시-20시,212,11,사고건수
지방도,20시-22시,76,11,사고건수
지방도,22시-24시,68,11,사고건수
특별광역시도,00시-02시,321,11,사고건수
특별광역시도,02시-04시,179,11,사고건수
특별광역시도,04시-06시,169,11,사고건수
특별광역시도,06시-08시,395,11,사고건수
특별광역시도,08시-10시,623,11,사고건수
특별광역시도,10시-12시,697,11,사고건수
특별광역시도,12시-14시,732,11,사고건수
특별광역시도,14시-16시,767,11,사고건수
특별광역시도,16시-18시,948,11,사고건수
특별광역시도,18시-20시,1044,11,사고건수
특별광역시도,20시-22시,599,11,사고건수
특별광역시도,22시-24시,507,11,사고건수
시도,00시-02시,205,11,사고건수
시도,02시-04시,100,11,사고건수
시도,04시-06시,127,11,사고건수
시도,06시-08시,364,11,사고건수
시도,08시-10시,618,11,사고건수
시도,10시-12시,577,11,사고건수
시도,12시-14시,584,11,사고건수
시도,14시-16시,624,11,사고건수
시도,16시-18시,806,11,사고건수
시도,18시-20시,943,11,사고건수
시도,20시-22시,499,11,사고건수
시도,22시-24시,349,11,사고건수
군도,00시-02시,9,11,사고건수
군도,02시-04시,5,11,사고건수
군도,04시-06시,11,11,사고건수
군도,06시-08시,39,11,사고건수
군도,08시-10시,86,11,사고건수
군도,10시-12시,87,11,사고건수
군도,12시-14시,77,11,사고건수
군도,14시-16시,85,11,사고건수
군도,16시-18시,89,11,사고건수
군도,18시-20시,85,11,사고건수
군도,20시-22시,37,11,사고건수
군도,22시-24시,17,11,사고건수
고속국도,00시-02시,17,11,사고건수
고속국도,02시-04시,14,11,사고건수
고속국도,04시-06시,12,11,사고건수
고속국도,06시-08시,28,11,사고건수
고속국도,08시-10시,44,11,사고건수
고속국도,10시-12시,52,11,사고건수
고속국도,12시-14시,46,11,사고건수
고속국도,14시-16시,53,11,사고건수
고속국도,16시-18시,73,11,사고건수
고속국도,18시-20시,63,11,사고건수
고속국도,20시-22시,26,11,사고건수
고속국도,22시-24시,21,11,사고건수
일반국도,00시-02시,4,11,사망자수
일반국도,02시-04시,2,11,사망자수
일반국도,04시-06시,2,11,사망자수
일반국도,06시-08시,8,11,사망자수
일반국도,08시-10시,1,11,사망자수
일반국도,10시-12시,4,11,사망자수
일반국도,12시-14시,2,11,사망자수
일반국도,14시-16시,3,11,사망자수
일반국도,16시-18시,3,11,사망자수
일반국도,18시-20시,8,11,사망자수
일반국도,20시-22시,5,11,사망자수
일반국도,22시-24시,6,11,사망자수
지방도,00시-02시,1,11,사망자수
지방도,02시-04시,1,11,사망자수
지방도,04시-06시,0,11,사망자수
지방도,06시-08시,5,11,사망자수
지방도,08시-10시,4,11,사망자수
지방도,10시-12시,6,11,사망자수
지방도,12시-14시,1,11,사망자수
지방도,14시-16시,4,11,사망자수
지방도,16시-18시,4,11,사망자수
지방도,18시-20시,5,11,사망자수
지방도,20시-22시,1,11,사망자수
지방도,22시-24시,2,11,사망자수
특별광역시도,00시-02시,4,11,사망자수
특별광역시도,02시-04시,6,11,사망자수
특별광역시도,04시-06시,7,11,사망자수
특별광역시도,06시-08시,12,11,사망자수
특별광역시도,08시-10시,4,11,사망자수
특별광역시도,10시-12시,0,11,사망자수
특별광역시도,12시-14시,6,11,사망자수
특별광역시도,14시-16시,3,11,사망자수
특별광역시도,16시-18시,5,11,사망자수
특별광역시도,18시-20시,5,11,사망자수
특별광역시도,20시-22시,1,11,사망자수
특별광역시도,22시-24시,5,11,사망자수
시도,00시-02시,6,11,사망자수
시도,02시-04시,1,11,사망자수
시도,04시-06시,5,11,사망자수
시도,06시-08시,14,11,사망자수
시도,08시-10시,3,11,사망자수
시도,10시-12시,11,11,사망자수
시도,12시-14시,11,11,사망자수
시도,14시-16시,10,11,사망자수
시도,16시-18시,8,11,사망자수
시도,18시-20시,8,11,사망자수
시도,20시-22시,3,11,사망자수
시도,22시-24시,9,11,사망자수
군도,00시-02시,0,11,사망자수
군도,02시-04시,0,11,사망자수
군도,04시-06시,4,11,사망자수
군도,06시-08시,0,11,사망자수
군도,08시-10시,5,11,사망자수
군도,10시-12시,0,11,사망자수
군도,12시-14시,1,11,사망자수
군도,14시-16시,3,11,사망자수
군도,16시-18시,4,11,사망자수
군도,18시-20시,4,11,사망자수
군도,20시-22시,0,11,사망자수
군도,22시-24시,0,11,사망자수
고속국도,00시-02시,3,11,사망자수
고속국도,02시-04시,4,11,사망자수
고속국도,04시-06시,2,11,사망자수
고속국도,06시-08시,1,11,사망자수
고속국도,08시-10시,3,11,사망자수
고속국도,10시-12시,1,11,사망자수
고속국도,12시-14시,2,11,사망자수
고속국도,14시-16시,1,11,사망자수
고속국도,16시-18시,0,11,사망자수
고속국도,18시-20시,1,11,사망자수
고속국도,20시-22시,0,11,사망자수
고속국도,22시-24시,1,11,사망자수
일반국도,00시-02시,107,11,부상자수
일반국도,02시-04시,33,11,부상자수
일반국도,04시-06시,60,11,부상자수
일반국도,06시-08시,168,11,부상자수
일반국도,08시-10시,280,11,부상자수
일반국도,10시-12시,258,11,부상자수
일반국도,12시-14시,296,11,부상자수
일반국도,14시-16시,298,11,부상자수
일반국도,16시-18시,374,11,부상자수
일반국도,18시-20시,475,11,부상자수
일반국도,20시-22시,229,11,부상자수
일반국도,22시-24시,130,11,부상자수
지방도,00시-02시,49,11,부상자수
지방도,02시-04시,23,11,부상자수
지방도,04시-06시,22,11,부상자수
지방도,06시-08시,141,11,부상자수
지방도,08시-10시,202,11,부상자수
지방도,10시-12시,192,11,부상자수
지방도,12시-14시,223,11,부상자수
지방도,14시-16시,254,11,부상자수
지방도,16시-18시,293,11,부상자수
지방도,18시-20시,307,11,부상자수
지방도,20시-22시,113,11,부상자수
지방도,22시-24시,99,11,부상자수
특별광역시도,00시-02시,474,11,부상자수
특별광역시도,02시-04시,252,11,부상자수
특별광역시도,04시-06시,228,11,부상자수
특별광역시도,06시-08시,531,11,부상자수
특별광역시도,08시-10시,807,11,부상자수
특별광역시도,10시-12시,942,11,부상자수
특별광역시도,12시-14시,1024,11,부상자수
특별광역시도,14시-16시,1081,11,부상자수
특별광역시도,16시-18시,1291,11,부상자수
특별광역시도,18시-20시,1414,11,부상자수
특별광역시도,20시-22시,815,11,부상자수
특별광역시도,22시-24시,740,11,부상자수
시도,00시-02시,300,11,부상자수
시도,02시-04시,154,11,부상자수
시도,04시-06시,156,11,부상자수
시도,06시-08시,546,11,부상자수
시도,08시-10시,848,11,부상자수
시도,10시-12시,789,11,부상자수
시도,12시-14시,825,11,부상자수
시도,14시-16시,909,11,부상자수
시도,16시-18시,1134,11,부상자수
시도,18시-20시,1279,11,부상자수
시도,20시-22시,749,11,부상자수
시도,22시-24시,501,11,부상자수
군도,00시-02시,17,11,부상자수
군도,02시-04시,6,11,부상자수
군도,04시-06시,17,11,부상자수
군도,06시-08시,53,11,부상자수
군도,08시-10시,111,11,부상자수
군도,10시-12시,126,11,부상자수
군도,12시-14시,111,11,부상자수
군도,14시-16시,118,11,부상자수
군도,16시-18시,115,11,부상자수
군도,18시-20시,124,11,부상자수
군도,20시-22시,54,11,부상자수
군도,22시-24시,27,11,부상자수
고속국도,00시-02시,25,11,부상자수
고속국도,02시-04시,22,11,부상자수
고속국도,04시-06시,17,11,부상자수
고속국도,06시-08시,37,11,부상자수
고속국도,08시-10시,96,11,부상자수
고속국도,10시-12시,119,11,부상자수
고속국도,12시-14시,104,11,부상자수
고속국도,14시-16시,100,11,부상자수
고속국도,16시-18시,130,11,부상자수
고속국도,18시-20시,126,11,부상자수
고속국도,20시-22시,49,11,부상자수
고속국도,22시-24시,46,11,부상자수
일반국도,00시-02시,53,12,사고건수
일반국도,02시-04시,27,12,사고건수
일반국도,04시-06시,40,12,사고건수
일반국도,06시-08시,118,12,사고건수
일반국도,08시-10시,159,12,사고건수
일반국도,10시-12시,142,12,사고건수
일반국도,12시-14시,158,12,사고건수
일반국도,14시-16시,169,12,사고건수
일반국도,16시-18시,206,12,사고건수
일반국도,18시-20시,243,12,사고건수
일반국도,20시-22시,161,12,사고건수
일반국도,22시-24시,93,12,사고건수
지방도,00시-02시,26,12,사고건수
지방도,02시-04시,8,12,사고건수
지방도,04시-06시,15,12,사고건수
지방도,06시-08시,89,12,사고건수
지방도,08시-10시,108,12,사고건수
지방도,10시-12시,109,12,사고건수
지방도,12시-14시,122,12,사고건수
지방도,14시-16시,128,12,사고건수
지방도,16시-18시,158,12,사고건수
지방도,18시-20시,180,12,사고건수
지방도,20시-22시,101,12,사고건수
지방도,22시-24시,66,12,사고건수
특별광역시도,00시-02시,261,12,사고건수
특별광역시도,02시-04시,107,12,사고건수
특별광역시도,04시-06시,140,12,사고건수
특별광역시도,06시-08시,372,12,사고건수
특별광역시도,08시-10시,575,12,사고건수
특별광역시도,10시-12시,601,12,사고건수
특별광역시도,12시-14시,734,12,사고건수
특별광역시도,14시-16시,741,12,사고건수
특별광역시도,16시-18시,880,12,사고건수
특별광역시도,18시-20시,1103,12,사고건수
특별광역시도,20시-22시,695,12,사고건수
특별광역시도,22시-24시,458,12,사고건수
시도,00시-02시,163,12,사고건수
시도,02시-04시,63,12,사고건수
시도,04시-06시,100,12,사고건수
시도,06시-08시,380,12,사고건수
시도,08시-10시,535,12,사고건수
시도,10시-12시,528,12,사고건수
시도,12시-14시,572,12,사고건수
시도,14시-16시,620,12,사고건수
시도,16시-18시,779,12,사고건수
시도,18시-20시,964,12,사고건수
시도,20시-22시,563,12,사고건수
시도,22시-24시,321,12,사고건수
군도,00시-02시,10,12,사고건수
군도,02시-04시,3,12,사고건수
군도,04시-06시,3,12,사고건수
군도,06시-08시,35,12,사고건수
군도,08시-10시,60,12,사고건수
군도,10시-12시,69,12,사고건수
군도,12시-14시,81,12,사고건수
군도,14시-16시,74,12,사고건수
군도,16시-18시,70,12,사고건수
군도,18시-20시,81,12,사고건수
군도,20시-22시,31,12,사고건수
군도,22시-24시,17,12,사고건수
고속국도,00시-02시,12,12,사고건수
고속국도,02시-04시,6,12,사고건수
고속국도,04시-06시,16,12,사고건수
고속국도,06시-08시,32,12,사고건수
고속국도,08시-10시,36,12,사고건수
고속국도,10시-12시,44,12,사고건수
고속국도,12시-14시,42,12,사고건수
고속국도,14시-16시,46,12,사고건수
고속국도,16시-18시,56,12,사고건수
고속국도,18시-20시,47,12,사고건수
고속국도,20시-22시,28,12,사고건수
고속국도,22시-24시,25,12,사고건수
일반국도,00시-02시,3,12,사망자수
일반국도,02시-04시,0,12,사망자수
일반국도,04시-06시,5,12,사망자수
일반국도,06시-08시,5,12,사망자수
일반국도,08시-10시,5,12,사망자수
일반국도,10시-12시,5,12,사망자수
일반국도,12시-14시,4,12,사망자수
일반국도,14시-16시,1,12,사망자수
일반국도,16시-18시,3,12,사망자수
일반국도,18시-20시,6,12,사망자수
일반국도,20시-22시,2,12,사망자수
일반국도,22시-24시,4,12,사망자수
지방도,00시-02시,1,12,사망자수
지방도,02시-04시,2,12,사망자수
지방도,04시-06시,0,12,사망자수
지방도,06시-08시,3,12,사망자수
지방도,08시-10시,1,12,사망자수
지방도,10시-12시,0,12,사망자수
지방도,12시-14시,4,12,사망자수
지방도,14시-16시,2,12,사망자수
지방도,16시-18시,5,12,사망자수
지방도,18시-20시,5,12,사망자수
지방도,20시-22시,8,12,사망자수
지방도,22시-24시,1,12,사망자수
특별광역시도,00시-02시,2,12,사망자수
특별광역시도,02시-04시,5,12,사망자수
특별광역시도,04시-06시,4,12,사망자수
특별광역시도,06시-08시,13,12,사망자수
특별광역시도,08시-10시,7,12,사망자수
특별광역시도,10시-12시,3,12,사망자수
특별광역시도,12시-14시,6,12,사망자수
특별광역시도,14시-16시,1,12,사망자수
특별광역시도,16시-18시,3,12,사망자수
특별광역시도,18시-20시,8,12,사망자수
특별광역시도,20시-22시,1,12,사망자수
특별광역시도,22시-24시,9,12,사망자수
시도,00시-02시,6,12,사망자수
시도,02시-04시,3,12,사망자수
시도,04시-06시,1,12,사망자수
시도,06시-08시,12,12,사망자수
시도,08시-10시,3,12,사망자수
시도,10시-12시,11,12,사망자수
시도,12시-14시,3,12,사망자수
시도,14시-16시,8,12,사망자수
시도,16시-18시,10,12,사망자수
시도,18시-20시,13,12,사망자수
시도,20시-22시,7,12,사망자수
시도,22시-24시,6,12,사망자수
군도,00시-02시,1,12,사망자수
군도,02시-04시,0,12,사망자수
군도,04시-06시,0,12,사망자수
군도,06시-08시,1,12,사망자수
군도,08시-10시,2,12,사망자수
군도,10시-12시,3,12,사망자수
군도,12시-14시,2,12,사망자수
군도,14시-16시,2,12,사망자수
군도,16시-18시,4,12,사망자수
군도,18시-20시,1,12,사망자수
군도,20시-22시,0,12,사망자수
군도,22시-24시,1,12,사망자수
고속국도,00시-02시,1,12,사망자수
고속국도,02시-04시,1,12,사망자수
고속국도,04시-06시,2,12,사망자수
고속국도,06시-08시,2,12,사망자수
고속국도,08시-10시,4,12,사망자수
고속국도,10시-12시,2,12,사망자수
고속국도,12시-14시,0,12,사망자수
고속국도,14시-16시,2,12,사망자수
고속국도,16시-18시,1,12,사망자수
고속국도,18시-20시,1,12,사망자수
고속국도,20시-22시,1,12,사망자수
고속국도,22시-24시,3,12,사망자수
일반국도,00시-02시,83,12,부상자수
일반국도,02시-04시,39,12,부상자수
일반국도,04시-06시,50,12,부상자수
일반국도,06시-08시,175,12,부상자수
일반국도,08시-10시,236,12,부상자수
일반국도,10시-12시,194,12,부상자수
일반국도,12시-14시,240,12,부상자수
일반국도,14시-16시,252,12,부상자수
일반국도,16시-18시,302,12,부상자수
일반국도,18시-20시,371,12,부상자수
일반국도,20시-22시,265,12,부상자수
일반국도,22시-24시,148,12,부상자수
지방도,00시-02시,28,12,부상자수
지방도,02시-04시,10,12,부상자수
지방도,04시-06시,26,12,부상자수
지방도,06시-08시,120,12,부상자수
지방도,08시-10시,164,12,부상자수
지방도,10시-12시,168,12,부상자수
지방도,12시-14시,207,12,부상자수
지방도,14시-16시,171,12,부상자수
지방도,16시-18시,257,12,부상자수
지방도,18시-20시,256,12,부상자수
지방도,20시-22시,152,12,부상자수
지방도,22시-24시,98,12,부상자수
특별광역시도,00시-02시,380,12,부상자수
특별광역시도,02시-04시,144,12,부상자수
특별광역시도,04시-06시,171,12,부상자수
특별광역시도,06시-08시,453,12,부상자수
특별광역시도,08시-10시,754,12,부상자수
특별광역시도,10시-12시,803,12,부상자수
특별광역시도,12시-14시,1016,12,부상자수
특별광역시도,14시-16시,1014,12,부상자수
특별광역시도,16시-18시,1162,12,부상자수
특별광역시도,18시-20시,1460,12,부상자수
특별광역시도,20시-22시,1005,12,부상자수
특별광역시도,22시-24시,670,12,부상자수
시도,00시-02시,241,12,부상자수
시도,02시-04시,84,12,부상자수
시도,04시-06시,149,12,부상자수
시도,06시-08시,522,12,부상자수
시도,08시-10시,765,12,부상자수
시도,10시-12시,727,12,부상자수
시도,12시-14시,797,12,부상자수
시도,14시-16시,922,12,부상자수
시도,16시-18시,1122,12,부상자수
시도,18시-20시,1247,12,부상자수
시도,20시-22시,806,12,부상자수
시도,22시-24시,454,12,부상자수
군도,00시-02시,10,12,부상자수
군도,02시-04시,3,12,부상자수
군도,04시-06시,3,12,부상자수
군도,06시-08시,40,12,부상자수
군도,08시-10시,98,12,부상자수
군도,10시-12시,84,12,부상자수
군도,12시-14시,110,12,부상자수
군도,14시-16시,111,12,부상자수
군도,16시-18시,93,12,부상자수
군도,18시-20시,103,12,부상자수
군도,20시-22시,42,12,부상자수
군도,22시-24시,23,12,부상자수
고속국도,00시-02시,11,12,부상자수
고속국도,02시-04시,7,12,부상자수
고속국도,04시-06시,26,12,부상자수
고속국도,06시-08시,42,12,부상자수
고속국도,08시-10시,67,12,부상자수
고속국도,10시-12시,78,12,부상자수
고속국도,12시-14시,92,12,부상자수
고속국도,14시-16시,128,12,부상자수
고속국도,16시-18시,97,12,부상자수
고속국도,18시-20시,76,12,부상자수
고속국도,20시-22시,46,12,부상자수
고속국도,22시-24시,26,12,부상자수
