도로형태,시간대,사고수,월,유형
터널안,00시-02시,1,01,사고건수
터널안,02시-04시,1,01,사고건수
터널안,04시-06시,1,01,사고건수
터널안,06시-08시,3,01,사고건수
터널안,08시-10시,5,01,사고건수
터널안,10시-12시,6,01,사고건수
터널안,12시-14시,10,01,사고건수
터널안,14시-16시,8,01,사고건수
터널안,16시-18시,2,01,사고건수
터널안,18시-20시,10,01,사고건수
터널안,20시-22시,5,01,사고건수
터널안,22시-24시,4,01,사고건수
교량위,00시-02시,3,01,사고건수
교량위,02시-04시,3,01,사고건수
교량위,04시-06시,3,01,사고건수
교량위,06시-08시,2,01,사고건수
교량위,08시-10시,11,01,사고건수
교량위,10시-12시,19,01,사고건수
교량위,12시-14시,9,01,사고건수
교량위,14시-16시,8,01,사고건수
교량위,16시-18시,7,01,사고건수
교량위,18시-20시,27,01,사고건수
교량위,20시-22시,10,01,사고건수
교량위,22시-24시,6,01,사고건수
고가도로위,00시-02시,2,01,사고건수
고가도로위,02시-04시,0,01,사고건수
고가도로위,04시-06시,0,01,사고건수
고가도로위,06시-08시,3,01,사고건수
고가도로위,08시-10시,6,01,사고건수
고가도로위,10시-12시,7,01,사고건수
고가도로위,12시-14시,5,01,사고건수
고가도로위,14시-16시,7,01,사고건수
고가도로위,16시-18시,4,01,사고건수
고가도로위,18시-20시,4,01,사고건수
고가도로위,20시-22시,5,01,사고건수
고가도로위,22시-24시,4,01,사고건수
지하차도(도로)내,00시-02시,6,01,사고건수
지하차도(도로)내,02시-04시,2,01,사고건수
지하차도(도로)내,04시-06시,0,01,사고건수
지하차도(도로)내,06시-08시,9,01,사고건수
지하차도(도로)내,08시-10시,21,01,사고건수
지하차도(도로)내,10시-12시,24,01,사고건수
지하차도(도로)내,12시-14시,27,01,사고건수
지하차도(도로)내,14시-16시,26,01,사고건수
지하차도(도로)내,16시-18시,25,01,사고건수
지하차도(도로)내,18시-20시,38,01,사고건수
지하차도(도로)내,20시-22시,31,01,사고건수
지하차도(도로)내,22시-24시,13,01,사고건수
교차로내,00시-02시,111,01,사고건수
교차로내,02시-04시,49,01,사고건수
교차로내,04시-06시,74,01,사고건수
교차로내,06시-08시,240,01,사고건수
교차로내,08시-10시,412,01,사고건수
교차로내,10시-12시,453,01,사고건수
교차로내,12시-14시,554,01,사고건수
교차로내,14시-16시,548,01,사고건수
교차로내,16시-18시,549,01,사고건수
교차로내,18시-20시,803,01,사고건수
교차로내,20시-22시,581,01,사고건수
교차로내,22시-24시,241,01,사고건수
교차로횡단보도내,00시-02시,5,01,사고건수
교차로횡단보도내,02시-04시,3,01,사고건수
교차로횡단보도내,04시-06시,11,01,사고건수
교차로횡단보도내,06시-08시,48,01,사고건수
교차로횡단보도내,08시-10시,43,01,사고건수
교차로횡단보도내,10시-12시,41,01,사고건수
교차로횡단보도내,12시-14시,51,01,사고건수
교차로횡단보도내,14시-16시,51,01,사고건수
교차로횡단보도내,16시-18시,66,01,사고건수
교차로횡단보도내,18시-20시,88,01,사고건수
교차로횡단보도내,20시-22시,82,01,사고건수
교차로횡단보도내,22시-24시,18,01,사고건수
교차로부근,00시-02시,42,01,사고건수
교차로부근,02시-04시,23,01,사고건수
교차로부근,04시-06시,24,01,사고건수
교차로부근,06시-08시,115,01,사고건수
교차로부근,08시-10시,186,01,사고건수
교차로부근,10시-12시,217,01,사고건수
교차로부근,12시-14시,226,01,사고건수
교차로부근,14시-16시,246,01,사고건수
교차로부근,16시-18시,282,01,사고건수
교차로부근,18시-20시,409,01,사고건수
교차로부근,20시-22시,374,01,사고건수
교차로부근,22시-24시,161,01,사고건수
터널안,00시-02시,0,01,사망자수
터널안,02시-04시,0,01,사망자수
터널안,04시-06시,0,01,사망자수
터널안,06시-08시,0,01,사망자수
터널안,08시-10시,0,01,사망자수
터널안,10시-12시,0,01,사망자수
터널안,12시-14시,0,01,사망자수
터널안,14시-16시,1,01,사망자수
터널안,16시-18시,0,01,사망자수
터널안,18시-20시,0,01,사망자수
터널안,20시-22시,0,01,사망자수
터널안,22시-24시,0,01,사망자수
교량위,00시-02시,0,01,사망자수
교량위,02시-04시,0,01,사망자수
교량위,04시-06시,0,01,사망자수
교량위,06시-08시,1,01,사망자수
교량위,08시-10시,0,01,사망자수
교량위,10시-12시,1,01,사망자수
교량위,12시-14시,1,01,사망자수
교량위,14시-16시,0,01,사망자수
교량위,16시-18시,0,01,사망자수
교량위,18시-20시,0,01,사망자수
교량위,20시-22시,0,01,사망자수
교량위,22시-24시,0,01,사망자수
고가도로위,00시-02시,0,01,사망자수
고가도로위,02시-04시,0,01,사망자수
고가도로위,04시-06시,0,01,사망자수
고가도로위,06시-08시,0,01,사망자수
고가도로위,08시-10시,0,01,사망자수
고가도로위,10시-12시,0,01,사망자수
고가도로위,12시-14시,0,01,사망자수
고가도로위,14시-16시,0,01,사망자수
고가도로위,16시-18시,0,01,사망자수
고가도로위,18시-20시,0,01,사망자수
고가도로위,20시-22시,0,01,사망자수
고가도로위,22시-24시,2,01,사망자수
지하차도(도로)내,00시-02시,0,01,사망자수
지하차도(도로)내,02시-04시,0,01,사망자수
지하차도(도로)내,04시-06시,0,01,사망자수
지하차도(도로)내,06시-08시,0,01,사망자수
지하차도(도로)내,08시-10시,0,01,사망자수
지하차도(도로)내,10시-12시,2,01,사망자수
지하차도(도로)내,12시-14시,0,01,사망자수
지하차도(도로)내,14시-16시,0,01,사망자수
지하차도(도로)내,16시-18시,0,01,사망자수
지하차도(도로)내,18시-20시,1,01,사망자수
지하차도(도로)내,20시-22시,1,01,사망자수
지하차도(도로)내,22시-24시,0,01,사망자수
교차로내,00시-02시,0,01,사망자수
교차로내,02시-04시,1,01,사망자수
교차로내,04시-06시,1,01,사망자수
교차로내,06시-08시,4,01,사망자수
교차로내,08시-10시,3,01,사망자수
교차로내,10시-12시,0,01,사망자수
교차로내,12시-14시,1,01,사망자수
교차로내,14시-16시,3,01,사망자수
교차로내,16시-18시,3,01,사망자수
교차로내,18시-20시,5,01,사망자수
교차로내,20시-22시,5,01,사망자수
교차로내,22시-24시,5,01,사망자수
교차로횡단보도내,00시-02시,0,01,사망자수
교차로횡단보도내,02시-04시,0,01,사망자수
교차로횡단보도내,04시-06시,1,01,사망자수
교차로횡단보도내,06시-08시,4,01,사망자수
교차로횡단보도내,08시-10시,1,01,사망자수
교차로횡단보도내,10시-12시,1,01,사망자수
교차로횡단보도내,12시-14시,1,01,사망자수
교차로횡단보도내,14시-16시,2,01,사망자수
교차로횡단보도내,16시-18시,0,01,사망자수
교차로횡단보도내,18시-20시,0,01,사망자수
교차로횡단보도내,20시-22시,2,01,사망자수
교차로횡단보도내,22시-24시,0,01,사망자수
교차로부근,00시-02시,1,01,사망자수
교차로부근,02시-04시,2,01,사망자수
교차로부근,04시-06시,0,01,사망자수
교차로부근,06시-08시,5,01,사망자수
교차로부근,08시-10시,1,01,사망자수
교차로부근,10시-12시,0,01,사망자수
교차로부근,12시-14시,2,01,사망자수
교차로부근,14시-16시,3,01,사망자수
교차로부근,16시-18시,3,01,사망자수
교차로부근,18시-20시,2,01,사망자수
교차로부근,20시-22시,3,01,사망자수
교차로부근,22시-24시,1,01,사망자수
터널안,00시-02시,1,01,부상자수
터널안,02시-04시,2,01,부상자수
터널안,04시-06시,1,01,부상자수
터널안,06시-08시,3,01,부상자수
터널안,08시-10시,7,01,부상자수
터널안,10시-12시,12,01,부상자수
터널안,12시-14시,29,01,부상자수
터널안,14시-16시,12,01,부상자수
터널안,16시-18시,14,01,부상자수
터널안,18시-20시,17,01,부상자수
터널안,20시-22시,8,01,부상자수
터널안,22시-24시,4,01,부상자수
교량위,00시-02시,3,01,부상자수
교량위,02시-04시,3,01,부상자수
교량위,04시-06시,3,01,부상자수
교량위,06시-08시,3,01,부상자수
교량위,08시-10시,17,01,부상자수
교량위,10시-12시,31,01,부상자수
교량위,12시-14시,17,01,부상자수
교량위,14시-16시,14,01,부상자수
교량위,16시-18시,9,01,부상자수
교량위,18시-20시,42,01,부상자수
교량위,20시-22시,13,01,부상자수
교량위,22시-24시,11,01,부상자수
고가도로위,00시-02시,3,01,부상자수
고가도로위,02시-04시,0,01,부상자수
고가도로위,04시-06시,0,01,부상자수
고가도로위,06시-08시,3,01,부상자수
고가도로위,08시-10시,8,01,부상자수
고가도로위,10시-12시,10,01,부상자수
고가도로위,12시-14시,6,01,부상자수
고가도로위,14시-16시,13,01,부상자수
고가도로위,16시-18시,5,01,부상자수
고가도로위,18시-20시,8,01,부상자수
고가도로위,20시-22시,7,01,부상자수
고가도로위,22시-24시,5,01,부상자수
지하차도(도로)내,00시-02시,7,01,부상자수
지하차도(도로)내,02시-04시,2,01,부상자수
지하차도(도로)내,04시-06시,0,01,부상자수
지하차도(도로)내,06시-08시,10,01,부상자수
지하차도(도로)내,08시-10시,29,01,부상자수
지하차도(도로)내,10시-12시,35,01,부상자수
지하차도(도로)내,12시-14시,47,01,부상자수
지하차도(도로)내,14시-16시,50,01,부상자수
지하차도(도로)내,16시-18시,34,01,부상자수
지하차도(도로)내,18시-20시,56,01,부상자수
지하차도(도로)내,20시-22시,48,01,부상자수
지하차도(도로)내,22시-24시,17,01,부상자수
교차로내,00시-02시,174,01,부상자수
교차로내,02시-04시,75,01,부상자수
교차로내,04시-06시,106,01,부상자수
교차로내,06시-08시,329,01,부상자수
교차로내,08시-10시,624,01,부상자수
교차로내,10시-12시,691,01,부상자수
교차로내,12시-14시,763,01,부상자수
교차로내,14시-16시,827,01,부상자수
교차로내,16시-18시,799,01,부상자수
교차로내,18시-20시,1134,01,부상자수
교차로내,20시-22시,829,01,부상자수
교차로내,22시-24시,353,01,부상자수
교차로횡단보도내,00시-02시,6,01,부상자수
교차로횡단보도내,02시-04시,3,01,부상자수
교차로횡단보도내,04시-06시,10,01,부상자수
교차로횡단보도내,06시-08시,44,01,부상자수
교차로횡단보도내,08시-10시,46,01,부상자수
교차로횡단보도내,10시-12시,45,01,부상자수
교차로횡단보도내,12시-14시,52,01,부상자수
교차로횡단보도내,14시-16시,54,01,부상자수
교차로횡단보도내,16시-18시,76,01,부상자수
교차로횡단보도내,18시-20시,101,01,부상자수
교차로횡단보도내,20시-22시,84,01,부상자수
교차로횡단보도내,22시-24시,19,01,부상자수
교차로부근,00시-02시,63,01,부상자수
교차로부근,02시-04시,30,01,부상자수
교차로부근,04시-06시,28,01,부상자수
교차로부근,06시-08시,149,01,부상자수
교차로부근,08시-10시,256,01,부상자수
교차로부근,10시-12시,334,01,부상자수
교차로부근,12시-14시,322,01,부상자수
교차로부근,14시-16시,400,01,부상자수
교차로부근,16시-18시,416,01,부상자수
교차로부근,18시-20시,594,01,부상자수
교차로부근,20시-22시,562,01,부상자수
교차로부근,22시-24시,244,01,부상자수
터널안,00시-02시,5,02,사고건수
터널안,02시-04시,2,02,사고건수
터널안,04시-06시,0,02,사고건수
터널안,06시-08시,0,02,사고건수
터널안,08시-10시,4,02,사고건수
터널안,10시-12시,7,02,사고건수
터널안,12시-14시,12,02,사고건수
터널안,14시-16시,6,02,사고건수
터널안,16시-18시,7,02,사고건수
터널안,18시-20시,2,02,사고건수
터널안,20시-22시,4,02,사고건수
터널안,22시-24시,5,02,사고건수
교량위,00시-02시,4,02,사고건수
교량위,02시-04시,4,02,사고건수
교량위,04시-06시,3,02,사고건수
교량위,06시-08시,6,02,사고건수
교량위,08시-10시,11,02,사고건수
교량위,10시-12시,11,02,사고건수
교량위,12시-14시,16,02,사고건수
교량위,14시-16시,9,02,사고건수
교량위,16시-18시,19,02,사고건수
교량위,18시-20시,27,02,사고건수
교량위,20시-22시,6,02,사고건수
교량위,22시-24시,11,02,사고건수
고가도로위,00시-02시,0,02,사고건수
고가도로위,02시-04시,0,02,사고건수
고가도로위,04시-06시,1,02,사고건수
고가도로위,06시-08시,6,02,사고건수
고가도로위,08시-10시,7,02,사고건수
고가도로위,10시-12시,2,02,사고건수
고가도로위,12시-14시,4,02,사고건수
고가도로위,14시-16시,13,02,사고건수
고가도로위,16시-18시,5,02,사고건수
고가도로위,18시-20시,7,02,사고건수
고가도로위,20시-22시,8,02,사고건수
고가도로위,22시-24시,2,02,사고건수
지하차도(도로)내,00시-02시,6,02,사고건수
지하차도(도로)내,02시-04시,2,02,사고건수
지하차도(도로)내,04시-06시,2,02,사고건수
지하차도(도로)내,06시-08시,10,02,사고건수
지하차도(도로)내,08시-10시,17,02,사고건수
지하차도(도로)내,10시-12시,8,02,사고건수
지하차도(도로)내,12시-14시,14,02,사고건수
지하차도(도로)내,14시-16시,24,02,사고건수
지하차도(도로)내,16시-18시,19,02,사고건수
지하차도(도로)내,18시-20시,23,02,사고건수
지하차도(도로)내,20시-22시,20,02,사고건수
지하차도(도로)내,22시-24시,14,02,사고건수
교차로내,00시-02시,112,02,사고건수
교차로내,02시-04시,46,02,사고건수
교차로내,04시-06시,80,02,사고건수
교차로내,06시-08시,247,02,사고건수
교차로내,08시-10시,423,02,사고건수
교차로내,10시-12시,449,02,사고건수
교차로내,12시-14시,523,02,사고건수
교차로내,14시-16시,563,02,사고건수
교차로내,16시-18시,573,02,사고건수
교차로내,18시-20시,699,02,사고건수
교차로내,20시-22시,476,02,사고건수
교차로내,22시-24시,331,02,사고건수
교차로횡단보도내,00시-02시,12,02,사고건수
교차로횡단보도내,02시-04시,0,02,사고건수
교차로횡단보도내,04시-06시,13,02,사고건수
교차로횡단보도내,06시-08시,30,02,사고건수
교차로횡단보도내,08시-10시,44,02,사고건수
교차로횡단보도내,10시-12시,41,02,사고건수
교차로횡단보도내,12시-14시,45,02,사고건수
교차로횡단보도내,14시-16시,56,02,사고건수
교차로횡단보도내,16시-18시,54,02,사고건수
교차로횡단보도내,18시-20시,92,02,사고건수
교차로횡단보도내,20시-22시,55,02,사고건수
교차로횡단보도내,22시-24시,42,02,사고건수
교차로부근,00시-02시,67,02,사고건수
교차로부근,02시-04시,28,02,사고건수
교차로부근,04시-06시,34,02,사고건수
교차로부근,06시-08시,94,02,사고건수
교차로부근,08시-10시,171,02,사고건수
교차로부근,10시-12시,202,02,사고건수
교차로부근,12시-14시,267,02,사고건수
교차로부근,14시-16시,274,02,사고건수
교차로부근,16시-18시,253,02,사고건수
교차로부근,18시-20시,307,02,사고건수
교차로부근,20시-22시,267,02,사고건수
교차로부근,22시-24시,195,02,사고건수
터널안,00시-02시,1,02,사망자수
터널안,02시-04시,0,02,사망자수
터널안,04시-06시,0,02,사망자수
터널안,06시-08시,0,02,사망자수
터널안,08시-10시,1,02,사망자수
터널안,10시-12시,0,02,사망자수
터널안,12시-14시,1,02,사망자수
터널안,14시-16시,0,02,사망자수
터널안,16시-18시,0,02,사망자수
터널안,18시-20시,0,02,사망자수
터널안,20시-22시,0,02,사망자수
터널안,22시-24시,0,02,사망자수
교량위,00시-02시,0,02,사망자수
교량위,02시-04시,0,02,사망자수
교량위,04시-06시,1,02,사망자수
교량위,06시-08시,0,02,사망자수
교량위,08시-10시,0,02,사망자수
교량위,10시-12시,1,02,사망자수
교량위,12시-14시,1,02,사망자수
교량위,14시-16시,0,02,사망자수
교량위,16시-18시,1,02,사망자수
교량위,18시-20시,1,02,사망자수
교량위,20시-22시,0,02,사망자수
교량위,22시-24시,0,02,사망자수
고가도로위,00시-02시,0,02,사망자수
고가도로위,02시-04시,0,02,사망자수
고가도로위,04시-06시,0,02,사망자수
고가도로위,06시-08시,0,02,사망자수
고가도로위,08시-10시,0,02,사망자수
고가도로위,10시-12시,0,02,사망자수
고가도로위,12시-14시,0,02,사망자수
고가도로위,14시-16시,0,02,사망자수
고가도로위,16시-18시,0,02,사망자수
고가도로위,18시-20시,0,02,사망자수
고가도로위,20시-22시,0,02,사망자수
고가도로위,22시-24시,0,02,사망자수
지하차도(도로)내,00시-02시,0,02,사망자수
지하차도(도로)내,02시-04시,0,02,사망자수
지하차도(도로)내,04시-06시,0,02,사망자수
지하차도(도로)내,06시-08시,0,02,사망자수
지하차도(도로)내,08시-10시,1,02,사망자수
지하차도(도로)내,10시-12시,0,02,사망자수
지하차도(도로)내,12시-14시,0,02,사망자수
지하차도(도로)내,14시-16시,0,02,사망자수
지하차도(도로)내,16시-18시,0,02,사망자수
지하차도(도로)내,18시-20시,1,02,사망자수
지하차도(도로)내,20시-22시,0,02,사망자수
지하차도(도로)내,22시-24시,0,02,사망자수
교차로내,00시-02시,1,02,사망자수
교차로내,02시-04시,1,02,사망자수
교차로내,04시-06시,2,02,사망자수
교차로내,06시-08시,2,02,사망자수
교차로내,08시-10시,6,02,사망자수
교차로내,10시-12시,2,02,사망자수
교차로내,12시-14시,2,02,사망자수
교차로내,14시-16시,4,02,사망자수
교차로내,16시-18시,2,02,사망자수
교차로내,18시-20시,6,02,사망자수
교차로내,20시-22시,6,02,사망자수
교차로내,22시-24시,3,02,사망자수
교차로횡단보도내,00시-02시,0,02,사망자수
교차로횡단보도내,02시-04시,0,02,사망자수
교차로횡단보도내,04시-06시,1,02,사망자수
교차로횡단보도내,06시-08시,0,02,사망자수
교차로횡단보도내,08시-10시,0,02,사망자수
교차로횡단보도내,10시-12시,2,02,사망자수
교차로횡단보도내,12시-14시,0,02,사망자수
교차로횡단보도내,14시-16시,0,02,사망자수
교차로횡단보도내,16시-18시,1,02,사망자수
교차로횡단보도내,18시-20시,2,02,사망자수
교차로횡단보도내,20시-22시,0,02,사망자수
교차로횡단보도내,22시-24시,0,02,사망자수
교차로부근,00시-02시,1,02,사망자수
교차로부근,02시-04시,1,02,사망자수
교차로부근,04시-06시,2,02,사망자수
교차로부근,06시-08시,1,02,사망자수
교차로부근,08시-10시,0,02,사망자수
교차로부근,10시-12시,1,02,사망자수
교차로부근,12시-14시,2,02,사망자수
교차로부근,14시-16시,1,02,사망자수
교차로부근,16시-18시,1,02,사망자수
교차로부근,18시-20시,0,02,사망자수
교차로부근,20시-22시,3,02,사망자수
교차로부근,22시-24시,4,02,사망자수
터널안,00시-02시,8,02,부상자수
터널안,02시-04시,4,02,부상자수
터널안,04시-06시,0,02,부상자수
터널안,06시-08시,0,02,부상자수
터널안,08시-10시,5,02,부상자수
터널안,10시-12시,19,02,부상자수
터널안,12시-14시,27,02,부상자수
터널안,14시-16시,24,02,부상자수
터널안,16시-18시,18,02,부상자수
터널안,18시-20시,3,02,부상자수
터널안,20시-22시,8,02,부상자수
터널안,22시-24시,7,02,부상자수
교량위,00시-02시,5,02,부상자수
교량위,02시-04시,5,02,부상자수
교량위,04시-06시,2,02,부상자수
교량위,06시-08시,14,02,부상자수
교량위,08시-10시,20,02,부상자수
교량위,10시-12시,22,02,부상자수
교량위,12시-14시,32,02,부상자수
교량위,14시-16시,21,02,부상자수
교량위,16시-18시,36,02,부상자수
교량위,18시-20시,33,02,부상자수
교량위,20시-22시,10,02,부상자수
교량위,22시-24시,16,02,부상자수
고가도로위,00시-02시,0,02,부상자수
고가도로위,02시-04시,0,02,부상자수
고가도로위,04시-06시,1,02,부상자수
고가도로위,06시-08시,6,02,부상자수
고가도로위,08시-10시,8,02,부상자수
고가도로위,10시-12시,4,02,부상자수
고가도로위,12시-14시,4,02,부상자수
고가도로위,14시-16시,27,02,부상자수
고가도로위,16시-18시,10,02,부상자수
고가도로위,18시-20시,9,02,부상자수
고가도로위,20시-22시,13,02,부상자수
고가도로위,22시-24시,3,02,부상자수
지하차도(도로)내,00시-02시,13,02,부상자수
지하차도(도로)내,02시-04시,2,02,부상자수
지하차도(도로)내,04시-06시,2,02,부상자수
지하차도(도로)내,06시-08시,14,02,부상자수
지하차도(도로)내,08시-10시,18,02,부상자수
지하차도(도로)내,10시-12시,10,02,부상자수
지하차도(도로)내,12시-14시,25,02,부상자수
지하차도(도로)내,14시-16시,44,02,부상자수
지하차도(도로)내,16시-18시,39,02,부상자수
지하차도(도로)내,18시-20시,34,02,부상자수
지하차도(도로)내,20시-22시,28,02,부상자수
지하차도(도로)내,22시-24시,28,02,부상자수
교차로내,00시-02시,195,02,부상자수
교차로내,02시-04시,69,02,부상자수
교차로내,04시-06시,133,02,부상자수
교차로내,06시-08시,349,02,부상자수
교차로내,08시-10시,621,02,부상자수
교차로내,10시-12시,681,02,부상자수
교차로내,12시-14시,777,02,부상자수
교차로내,14시-16시,842,02,부상자수
교차로내,16시-18시,922,02,부상자수
교차로내,18시-20시,1031,02,부상자수
교차로내,20시-22시,729,02,부상자수
교차로내,22시-24시,515,02,부상자수
교차로횡단보도내,00시-02시,14,02,부상자수
교차로횡단보도내,02시-04시,0,02,부상자수
교차로횡단보도내,04시-06시,12,02,부상자수
교차로횡단보도내,06시-08시,30,02,부상자수
교차로횡단보도내,08시-10시,45,02,부상자수
교차로횡단보도내,10시-12시,40,02,부상자수
교차로횡단보도내,12시-14시,52,02,부상자수
교차로횡단보도내,14시-16시,63,02,부상자수
교차로횡단보도내,16시-18시,56,02,부상자수
교차로횡단보도내,18시-20시,100,02,부상자수
교차로횡단보도내,20시-22시,65,02,부상자수
교차로횡단보도내,22시-24시,50,02,부상자수
교차로부근,00시-02시,91,02,부상자수
교차로부근,02시-04시,45,02,부상자수
교차로부근,04시-06시,45,02,부상자수
교차로부근,06시-08시,127,02,부상자수
교차로부근,08시-10시,253,02,부상자수
교차로부근,10시-12시,304,02,부상자수
교차로부근,12시-14시,391,02,부상자수
교차로부근,14시-16시,417,02,부상자수
교차로부근,16시-18시,358,02,부상자수
교차로부근,18시-20시,424,02,부상자수
교차로부근,20시-22시,420,02,부상자수
교차로부근,22시-24시,293,02,부상자수
터널안,00시-02시,3,03,사고건수
터널안,02시-04시,2,03,사고건수
터널안,04시-06시,2,03,사고건수
터널안,06시-08시,4,03,사고건수
터널안,08시-10시,6,03,사고건수
터널안,10시-12시,10,03,사고건수
터널안,12시-14시,8,03,사고건수
터널안,14시-16시,9,03,사고건수
터널안,16시-18시,9,03,사고건수
터널안,18시-20시,12,03,사고건수
터널안,20시-22시,2,03,사고건수
터널안,22시-24시,5,03,사고건수
교량위,00시-02시,4,03,사고건수
교량위,02시-04시,3,03,사고건수
교량위,04시-06시,3,03,사고건수
교량위,06시-08시,8,03,사고건수
교량위,08시-10시,13,03,사고건수
교량위,10시-12시,11,03,사고건수
교량위,12시-14시,7,03,사고건수
교량위,14시-16시,13,03,사고건수
교량위,16시-18시,15,03,사고건수
교량위,18시-20시,21,03,사고건수
교량위,20시-22시,13,03,사고건수
교량위,22시-24시,10,03,사고건수
고가도로위,00시-02시,2,03,사고건수
고가도로위,02시-04시,0,03,사고건수
고가도로위,04시-06시,0,03,사고건수
고가도로위,06시-08시,5,03,사고건수
고가도로위,08시-10시,4,03,사고건수
고가도로위,10시-12시,6,03,사고건수
고가도로위,12시-14시,4,03,사고건수
고가도로위,14시-16시,7,03,사고건수
고가도로위,16시-18시,6,03,사고건수
고가도로위,18시-20시,9,03,사고건수
고가도로위,20시-22시,3,03,사고건수
고가도로위,22시-24시,3,03,사고건수
지하차도(도로)내,00시-02시,10,03,사고건수
지하차도(도로)내,02시-04시,4,03,사고건수
지하차도(도로)내,04시-06시,7,03,사고건수
지하차도(도로)내,06시-08시,6,03,사고건수
지하차도(도로)내,08시-10시,18,03,사고건수
지하차도(도로)내,10시-12시,21,03,사고건수
지하차도(도로)내,12시-14시,20,03,사고건수
지하차도(도로)내,14시-16시,24,03,사고건수
지하차도(도로)내,16시-18시,17,03,사고건수
지하차도(도로)내,18시-20시,24,03,사고건수
지하차도(도로)내,20시-22시,17,03,사고건수
지하차도(도로)내,22시-24시,21,03,사고건수
교차로내,00시-02시,153,03,사고건수
교차로내,02시-04시,74,03,사고건수
교차로내,04시-06시,118,03,사고건수
교차로내,06시-08시,286,03,사고건수
교차로내,08시-10시,500,03,사고건수
교차로내,10시-12시,520,03,사고건수
교차로내,12시-14시,573,03,사고건수
교차로내,14시-16시,601,03,사고건수
교차로내,16시-18시,654,03,사고건수
교차로내,18시-20시,713,03,사고건수
교차로내,20시-22시,499,03,사고건수
교차로내,22시-24시,325,03,사고건수
교차로횡단보도내,00시-02시,15,03,사고건수
교차로횡단보도내,02시-04시,8,03,사고건수
교차로횡단보도내,04시-06시,11,03,사고건수
교차로횡단보도내,06시-08시,33,03,사고건수
교차로횡단보도내,08시-10시,56,03,사고건수
교차로횡단보도내,10시-12시,48,03,사고건수
교차로횡단보도내,12시-14시,56,03,사고건수
교차로횡단보도내,14시-16시,55,03,사고건수
교차로횡단보도내,16시-18시,64,03,사고건수
교차로횡단보도내,18시-20시,98,03,사고건수
교차로횡단보도내,20시-22시,58,03,사고건수
교차로횡단보도내,22시-24시,50,03,사고건수
교차로부근,00시-02시,85,03,사고건수
교차로부근,02시-04시,42,03,사고건수
교차로부근,04시-06시,54,03,사고건수
교차로부근,06시-08시,138,03,사고건수
교차로부근,08시-10시,252,03,사고건수
교차로부근,10시-12시,224,03,사고건수
교차로부근,12시-14시,291,03,사고건수
교차로부근,14시-16시,309,03,사고건수
교차로부근,16시-18시,311,03,사고건수
교차로부근,18시-20시,377,03,사고건수
교차로부근,20시-22시,288,03,사고건수
교차로부근,22시-24시,238,03,사고건수
터널안,00시-02시,0,03,사망자수
터널안,02시-04시,0,03,사망자수
터널안,04시-06시,0,03,사망자수
터널안,06시-08시,0,03,사망자수
터널안,08시-10시,0,03,사망자수
터널안,10시-12시,1,03,사망자수
터널안,12시-14시,0,03,사망자수
터널안,14시-16시,2,03,사망자수
터널안,16시-18시,0,03,사망자수
터널안,18시-20시,0,03,사망자수
터널안,20시-22시,0,03,사망자수
터널안,22시-24시,0,03,사망자수
교량위,00시-02시,0,03,사망자수
교량위,02시-04시,0,03,사망자수
교량위,04시-06시,0,03,사망자수
교량위,06시-08시,0,03,사망자수
교량위,08시-10시,0,03,사망자수
교량위,10시-12시,2,03,사망자수
교량위,12시-14시,0,03,사망자수
교량위,14시-16시,0,03,사망자수
교량위,16시-18시,1,03,사망자수
교량위,18시-20시,0,03,사망자수
교량위,20시-22시,1,03,사망자수
교량위,22시-24시,0,03,사망자수
고가도로위,00시-02시,0,03,사망자수
고가도로위,02시-04시,0,03,사망자수
고가도로위,04시-06시,0,03,사망자수
고가도로위,06시-08시,0,03,사망자수
고가도로위,08시-10시,0,03,사망자수
고가도로위,10시-12시,0,03,사망자수
고가도로위,12시-14시,0,03,사망자수
고가도로위,14시-16시,0,03,사망자수
고가도로위,16시-18시,0,03,사망자수
고가도로위,18시-20시,1,03,사망자수
고가도로위,20시-22시,0,03,사망자수
고가도로위,22시-24시,0,03,사망자수
지하차도(도로)내,00시-02시,0,03,사망자수
지하차도(도로)내,02시-04시,0,03,사망자수
지하차도(도로)내,04시-06시,1,03,사망자수
지하차도(도로)내,06시-08시,0,03,사망자수
지하차도(도로)내,08시-10시,1,03,사망자수
지하차도(도로)내,10시-12시,3,03,사망자수
지하차도(도로)내,12시-14시,1,03,사망자수
지하차도(도로)내,14시-16시,0,03,사망자수
지하차도(도로)내,16시-18시,2,03,사망자수
지하차도(도로)내,18시-20시,1,03,사망자수
지하차도(도로)내,20시-22시,1,03,사망자수
지하차도(도로)내,22시-24시,2,03,사망자수
교차로내,00시-02시,3,03,사망자수
교차로내,02시-04시,3,03,사망자수
교차로내,04시-06시,5,03,사망자수
교차로내,06시-08시,0,03,사망자수
교차로내,08시-10시,5,03,사망자수
교차로내,10시-12시,2,03,사망자수
교차로내,12시-14시,6,03,사망자수
교차로내,14시-16시,4,03,사망자수
교차로내,16시-18시,5,03,사망자수
교차로내,18시-20시,6,03,사망자수
교차로내,20시-22시,0,03,사망자수
교차로내,22시-24시,3,03,사망자수
교차로횡단보도내,00시-02시,0,03,사망자수
교차로횡단보도내,02시-04시,1,03,사망자수
교차로횡단보도내,04시-06시,1,03,사망자수
교차로횡단보도내,06시-08시,2,03,사망자수
교차로횡단보도내,08시-10시,0,03,사망자수
교차로횡단보도내,10시-12시,2,03,사망자수
교차로횡단보도내,12시-14시,2,03,사망자수
교차로횡단보도내,14시-16시,2,03,사망자수
교차로횡단보도내,16시-18시,1,03,사망자수
교차로횡단보도내,18시-20시,1,03,사망자수
교차로횡단보도내,20시-22시,0,03,사망자수
교차로횡단보도내,22시-24시,1,03,사망자수
교차로부근,00시-02시,1,03,사망자수
교차로부근,02시-04시,0,03,사망자수
교차로부근,04시-06시,0,03,사망자수
교차로부근,06시-08시,4,03,사망자수
교차로부근,08시-10시,0,03,사망자수
교차로부근,10시-12시,3,03,사망자수
교차로부근,12시-14시,3,03,사망자수
교차로부근,14시-16시,5,03,사망자수
교차로부근,16시-18시,2,03,사망자수
교차로부근,18시-20시,1,03,사망자수
교차로부근,20시-22시,2,03,사망자수
교차로부근,22시-24시,0,03,사망자수
터널안,00시-02시,5,03,부상자수
터널안,02시-04시,2,03,부상자수
터널안,04시-06시,3,03,부상자수
터널안,06시-08시,9,03,부상자수
터널안,08시-10시,16,03,부상자수
터널안,10시-12시,16,03,부상자수
터널안,12시-14시,10,03,부상자수
터널안,14시-16시,13,03,부상자수
터널안,16시-18시,20,03,부상자수
터널안,18시-20시,19,03,부상자수
터널안,20시-22시,3,03,부상자수
터널안,22시-24시,8,03,부상자수
교량위,00시-02시,6,03,부상자수
교량위,02시-04시,4,03,부상자수
교량위,04시-06시,5,03,부상자수
교량위,06시-08시,9,03,부상자수
교량위,08시-10시,23,03,부상자수
교량위,10시-12시,15,03,부상자수
교량위,12시-14시,10,03,부상자수
교량위,14시-16시,23,03,부상자수
교량위,16시-18시,25,03,부상자수
교량위,18시-20시,46,03,부상자수
교량위,20시-22시,24,03,부상자수
교량위,22시-24시,20,03,부상자수
고가도로위,00시-02시,2,03,부상자수
고가도로위,02시-04시,0,03,부상자수
고가도로위,04시-06시,0,03,부상자수
고가도로위,06시-08시,15,03,부상자수
고가도로위,08시-10시,5,03,부상자수
고가도로위,10시-12시,9,03,부상자수
고가도로위,12시-14시,5,03,부상자수
고가도로위,14시-16시,9,03,부상자수
고가도로위,16시-18시,16,03,부상자수
고가도로위,18시-20시,11,03,부상자수
고가도로위,20시-22시,6,03,부상자수
고가도로위,22시-24시,4,03,부상자수
지하차도(도로)내,00시-02시,15,03,부상자수
지하차도(도로)내,02시-04시,4,03,부상자수
지하차도(도로)내,04시-06시,7,03,부상자수
지하차도(도로)내,06시-08시,8,03,부상자수
지하차도(도로)내,08시-10시,30,03,부상자수
지하차도(도로)내,10시-12시,26,03,부상자수
지하차도(도로)내,12시-14시,20,03,부상자수
지하차도(도로)내,14시-16시,48,03,부상자수
지하차도(도로)내,16시-18시,23,03,부상자수
지하차도(도로)내,18시-20시,31,03,부상자수
지하차도(도로)내,20시-22시,27,03,부상자수
지하차도(도로)내,22시-24시,38,03,부상자수
교차로내,00시-02시,269,03,부상자수
교차로내,02시-04시,117,03,부상자수
교차로내,04시-06시,176,03,부상자수
교차로내,06시-08시,427,03,부상자수
교차로내,08시-10시,723,03,부상자수
교차로내,10시-12시,761,03,부상자수
교차로내,12시-14시,855,03,부상자수
교차로내,14시-16시,931,03,부상자수
교차로내,16시-18시,994,03,부상자수
교차로내,18시-20시,1016,03,부상자수
교차로내,20시-22시,763,03,부상자수
교차로내,22시-24시,511,03,부상자수
교차로횡단보도내,00시-02시,17,03,부상자수
교차로횡단보도내,02시-04시,9,03,부상자수
교차로횡단보도내,04시-06시,11,03,부상자수
교차로횡단보도내,06시-08시,37,03,부상자수
교차로횡단보도내,08시-10시,60,03,부상자수
교차로횡단보도내,10시-12시,55,03,부상자수
교차로횡단보도내,12시-14시,64,03,부상자수
교차로횡단보도내,14시-16시,55,03,부상자수
교차로횡단보도내,16시-18시,79,03,부상자수
교차로횡단보도내,18시-20시,113,03,부상자수
교차로횡단보도내,20시-22시,64,03,부상자수
교차로횡단보도내,22시-24시,57,03,부상자수
교차로부근,00시-02시,120,03,부상자수
교차로부근,02시-04시,60,03,부상자수
교차로부근,04시-06시,73,03,부상자수
교차로부근,06시-08시,183,03,부상자수
교차로부근,08시-10시,362,03,부상자수
교차로부근,10시-12시,309,03,부상자수
교차로부근,12시-14시,455,03,부상자수
교차로부근,14시-16시,472,03,부상자수
교차로부근,16시-18시,446,03,부상자수
교차로부근,18시-20시,541,03,부상자수
교차로부근,20시-22시,444,03,부상자수
교차로부근,22시-24시,379,03,부상자수
터널안,00시-02시,0,04,사고건수
터널안,02시-04시,2,04,사고건수
터널안,04시-06시,0,04,사고건수
터널안,06시-08시,4,04,사고건수
터널안,08시-10시,5,04,사고건수
터널안,10시-12시,10,04,사고건수
터널안,12시-14시,6,04,사고건수
터널안,14시-16시,9,04,사고건수
터널안,16시-18시,9,04,사고건수
터널안,18시-20시,12,04,사고건수
터널안,20시-22시,6,04,사고건수
터널안,22시-24시,3,04,사고건수
교량위,00시-02시,4,04,사고건수
교량위,02시-04시,2,04,사고건수
교량위,04시-06시,3,04,사고건수
교량위,06시-08시,8,04,사고건수
교량위,08시-10시,13,04,사고건수
교량위,10시-12시,12,04,사고건수
교량위,12시-14시,17,04,사고건수
교량위,14시-16시,13,04,사고건수
교량위,16시-18시,18,04,사고건수
교량위,18시-20시,16,04,사고건수
교량위,20시-22시,11,04,사고건수
교량위,22시-24시,9,04,사고건수
고가도로위,00시-02시,4,04,사고건수
고가도로위,02시-04시,1,04,사고건수
고가도로위,04시-06시,1,04,사고건수
고가도로위,06시-08시,5,04,사고건수
고가도로위,08시-10시,11,04,사고건수
고가도로위,10시-12시,3,04,사고건수
고가도로위,12시-14시,3,04,사고건수
고가도로위,14시-16시,9,04,사고건수
고가도로위,16시-18시,10,04,사고건수
고가도로위,18시-20시,7,04,사고건수
고가도로위,20시-22시,3,04,사고건수
고가도로위,22시-24시,10,04,사고건수
지하차도(도로)내,00시-02시,6,04,사고건수
지하차도(도로)내,02시-04시,4,04,사고건수
지하차도(도로)내,04시-06시,5,04,사고건수
지하차도(도로)내,06시-08시,17,04,사고건수
지하차도(도로)내,08시-10시,16,04,사고건수
지하차도(도로)내,10시-12시,18,04,사고건수
지하차도(도로)내,12시-14시,24,04,사고건수
지하차도(도로)내,14시-16시,28,04,사고건수
지하차도(도로)내,16시-18시,38,04,사고건수
지하차도(도로)내,18시-20시,19,04,사고건수
지하차도(도로)내,20시-22시,16,04,사고건수
지하차도(도로)내,22시-24시,9,04,사고건수
교차로내,00시-02시,172,04,사고건수
교차로내,02시-04시,71,04,사고건수
교차로내,04시-06시,120,04,사고건수
교차로내,06시-08시,318,04,사고건수
교차로내,08시-10시,610,04,사고건수
교차로내,10시-12시,553,04,사고건수
교차로내,12시-14시,632,04,사고건수
교차로내,14시-16시,593,04,사고건수
교차로내,16시-18시,709,04,사고건수
교차로내,18시-20시,778,04,사고건수
교차로내,20시-22시,568,04,사고건수
교차로내,22시-24시,382,04,사고건수
교차로횡단보도내,00시-02시,22,04,사고건수
교차로횡단보도내,02시-04시,6,04,사고건수
교차로횡단보도내,04시-06시,9,04,사고건수
교차로횡단보도내,06시-08시,32,04,사고건수
교차로횡단보도내,08시-10시,75,04,사고건수
교차로횡단보도내,10시-12시,65,04,사고건수
교차로횡단보도내,12시-14시,68,04,사고건수
교차로횡단보도내,14시-16시,68,04,사고건수
교차로횡단보도내,16시-18시,82,04,사고건수
교차로횡단보도내,18시-20시,81,04,사고건수
교차로횡단보도내,20시-22시,64,04,사고건수
교차로횡단보도내,22시-24시,43,04,사고건수
교차로부근,00시-02시,81,04,사고건수
교차로부근,02시-04시,31,04,사고건수
교차로부근,04시-06시,48,04,사고건수
교차로부근,06시-08시,137,04,사고건수
교차로부근,08시-10시,253,04,사고건수
교차로부근,10시-12시,239,04,사고건수
교차로부근,12시-14시,310,04,사고건수
교차로부근,14시-16시,320,04,사고건수
교차로부근,16시-18시,338,04,사고건수
교차로부근,18시-20시,392,04,사고건수
교차로부근,20시-22시,280,04,사고건수
교차로부근,22시-24시,220,04,사고건수
터널안,00시-02시,0,04,사망자수
터널안,02시-04시,0,04,사망자수
터널안,04시-06시,0,04,사망자수
터널안,06시-08시,1,04,사망자수
터널안,08시-10시,0,04,사망자수
터널안,10시-12시,0,04,사망자수
터널안,12시-14시,0,04,사망자수
터널안,14시-16시,0,04,사망자수
터널안,16시-18시,0,04,사망자수
터널안,18시-20시,0,04,사망자수
터널안,20시-22시,0,04,사망자수
터널안,22시-24시,0,04,사망자수
교량위,00시-02시,1,04,사망자수
교량위,02시-04시,0,04,사망자수
교량위,04시-06시,0,04,사망자수
교량위,06시-08시,0,04,사망자수
교량위,08시-10시,0,04,사망자수
교량위,10시-12시,0,04,사망자수
교량위,12시-14시,0,04,사망자수
교량위,14시-16시,1,04,사망자수
교량위,16시-18시,0,04,사망자수
교량위,18시-20시,0,04,사망자수
교량위,20시-22시,0,04,사망자수
교량위,22시-24시,0,04,사망자수
고가도로위,00시-02시,0,04,사망자수
고가도로위,02시-04시,0,04,사망자수
고가도로위,04시-06시,0,04,사망자수
고가도로위,06시-08시,0,04,사망자수
고가도로위,08시-10시,0,04,사망자수
고가도로위,10시-12시,0,04,사망자수
고가도로위,12시-14시,0,04,사망자수
고가도로위,14시-16시,0,04,사망자수
고가도로위,16시-18시,0,04,사망자수
고가도로위,18시-20시,0,04,사망자수
고가도로위,20시-22시,0,04,사망자수
고가도로위,22시-24시,0,04,사망자수
지하차도(도로)내,00시-02시,0,04,사망자수
지하차도(도로)내,02시-04시,0,04,사망자수
지하차도(도로)내,04시-06시,0,04,사망자수
지하차도(도로)내,06시-08시,0,04,사망자수
지하차도(도로)내,08시-10시,0,04,사망자수
지하차도(도로)내,10시-12시,1,04,사망자수
지하차도(도로)내,12시-14시,0,04,사망자수
지하차도(도로)내,14시-16시,0,04,사망자수
지하차도(도로)내,16시-18시,1,04,사망자수
지하차도(도로)내,18시-20시,0,04,사망자수
지하차도(도로)내,20시-22시,1,04,사망자수
지하차도(도로)내,22시-24시,0,04,사망자수
교차로내,00시-02시,8,04,사망자수
교차로내,02시-04시,0,04,사망자수
교차로내,04시-06시,3,04,사망자수
교차로내,06시-08시,1,04,사망자수
교차로내,08시-10시,4,04,사망자수
교차로내,10시-12시,5,04,사망자수
교차로내,12시-14시,3,04,사망자수
교차로내,14시-16시,5,04,사망자수
교차로내,16시-18시,7,04,사망자수
교차로내,18시-20시,6,04,사망자수
교차로내,20시-22시,7,04,사망자수
교차로내,22시-24시,0,04,사망자수
교차로횡단보도내,00시-02시,0,04,사망자수
교차로횡단보도내,02시-04시,1,04,사망자수
교차로횡단보도내,04시-06시,0,04,사망자수
교차로횡단보도내,06시-08시,0,04,사망자수
교차로횡단보도내,08시-10시,2,04,사망자수
교차로횡단보도내,10시-12시,1,04,사망자수
교차로횡단보도내,12시-14시,1,04,사망자수
교차로횡단보도내,14시-16시,1,04,사망자수
교차로횡단보도내,16시-18시,0,04,사망자수
교차로횡단보도내,18시-20시,0,04,사망자수
교차로횡단보도내,20시-22시,1,04,사망자수
교차로횡단보도내,22시-24시,1,04,사망자수
교차로부근,00시-02시,0,04,사망자수
교차로부근,02시-04시,0,04,사망자수
교차로부근,04시-06시,1,04,사망자수
교차로부근,06시-08시,1,04,사망자수
교차로부근,08시-10시,3,04,사망자수
교차로부근,10시-12시,0,04,사망자수
교차로부근,12시-14시,2,04,사망자수
교차로부근,14시-16시,2,04,사망자수
교차로부근,16시-18시,1,04,사망자수
교차로부근,18시-20시,4,04,사망자수
교차로부근,20시-22시,2,04,사망자수
교차로부근,22시-24시,1,04,사망자수
터널안,00시-02시,0,04,부상자수
터널안,02시-04시,3,04,부상자수
터널안,04시-06시,0,04,부상자수
터널안,06시-08시,3,04,부상자수
터널안,08시-10시,9,04,부상자수
터널안,10시-12시,23,04,부상자수
터널안,12시-14시,9,04,부상자수
터널안,14시-16시,22,04,부상자수
터널안,16시-18시,16,04,부상자수
터널안,18시-20시,27,04,부상자수
터널안,20시-22시,9,04,부상자수
터널안,22시-24시,5,04,부상자수
교량위,00시-02시,7,04,부상자수
교량위,02시-04시,3,04,부상자수
교량위,04시-06시,3,04,부상자수
교량위,06시-08시,13,04,부상자수
교량위,08시-10시,15,04,부상자수
교량위,10시-12시,20,04,부상자수
교량위,12시-14시,34,04,부상자수
교량위,14시-16시,35,04,부상자수
교량위,16시-18시,24,04,부상자수
교량위,18시-20시,27,04,부상자수
교량위,20시-22시,17,04,부상자수
교량위,22시-24시,21,04,부상자수
고가도로위,00시-02시,5,04,부상자수
고가도로위,02시-04시,1,04,부상자수
고가도로위,04시-06시,1,04,부상자수
고가도로위,06시-08시,8,04,부상자수
고가도로위,08시-10시,20,04,부상자수
고가도로위,10시-12시,7,04,부상자수
고가도로위,12시-14시,3,04,부상자수
고가도로위,14시-16시,13,04,부상자수
고가도로위,16시-18시,16,04,부상자수
고가도로위,18시-20시,11,04,부상자수
고가도로위,20시-22시,7,04,부상자수
고가도로위,22시-24시,15,04,부상자수
지하차도(도로)내,00시-02시,6,04,부상자수
지하차도(도로)내,02시-04시,4,04,부상자수
지하차도(도로)내,04시-06시,11,04,부상자수
지하차도(도로)내,06시-08시,33,04,부상자수
지하차도(도로)내,08시-10시,30,04,부상자수
지하차도(도로)내,10시-12시,25,04,부상자수
지하차도(도로)내,12시-14시,44,04,부상자수
지하차도(도로)내,14시-16시,41,04,부상자수
지하차도(도로)내,16시-18시,65,04,부상자수
지하차도(도로)내,18시-20시,29,04,부상자수
지하차도(도로)내,20시-22시,21,04,부상자수
지하차도(도로)내,22시-24시,15,04,부상자수
교차로내,00시-02시,270,04,부상자수
교차로내,02시-04시,124,04,부상자수
교차로내,04시-06시,175,04,부상자수
교차로내,06시-08시,446,04,부상자수
교차로내,08시-10시,921,04,부상자수
교차로내,10시-12시,793,04,부상자수
교차로내,12시-14시,960,04,부상자수
교차로내,14시-16시,845,04,부상자수
교차로내,16시-18시,1080,04,부상자수
교차로내,18시-20시,1139,04,부상자수
교차로내,20시-22시,818,04,부상자수
교차로내,22시-24시,604,04,부상자수
교차로횡단보도내,00시-02시,29,04,부상자수
교차로횡단보도내,02시-04시,6,04,부상자수
교차로횡단보도내,04시-06시,12,04,부상자수
교차로횡단보도내,06시-08시,33,04,부상자수
교차로횡단보도내,08시-10시,78,04,부상자수
교차로횡단보도내,10시-12시,68,04,부상자수
교차로횡단보도내,12시-14시,78,04,부상자수
교차로횡단보도내,14시-16시,76,04,부상자수
교차로횡단보도내,16시-18시,89,04,부상자수
교차로횡단보도내,18시-20시,93,04,부상자수
교차로횡단보도내,20시-22시,73,04,부상자수
교차로횡단보도내,22시-24시,53,04,부상자수
교차로부근,00시-02시,133,04,부상자수
교차로부근,02시-04시,47,04,부상자수
교차로부근,04시-06시,67,04,부상자수
교차로부근,06시-08시,185,04,부상자수
교차로부근,08시-10시,347,04,부상자수
교차로부근,10시-12시,343,04,부상자수
교차로부근,12시-14시,464,04,부상자수
교차로부근,14시-16시,489,04,부상자수
교차로부근,16시-18시,529,04,부상자수
교차로부근,18시-20시,607,04,부상자수
교차로부근,20시-22시,414,04,부상자수
교차로부근,22시-24시,344,04,부상자수
터널안,00시-02시,1,05,사고건수
터널안,02시-04시,3,05,사고건수
터널안,04시-06시,3,05,사고건수
터널안,06시-08시,5,05,사고건수
터널안,08시-10시,6,05,사고건수
터널안,10시-12시,3,05,사고건수
터널안,12시-14시,8,05,사고건수
터널안,14시-16시,14,05,사고건수
터널안,16시-18시,7,05,사고건수
터널안,18시-20시,17,05,사고건수
터널안,20시-22시,3,05,사고건수
터널안,22시-24시,4,05,사고건수
교량위,00시-02시,8,05,사고건수
교량위,02시-04시,3,05,사고건수
교량위,04시-06시,6,05,사고건수
교량위,06시-08시,11,05,사고건수
교량위,08시-10시,8,05,사고건수
교량위,10시-12시,17,05,사고건수
교량위,12시-14시,9,05,사고건수
교량위,14시-16시,21,05,사고건수
교량위,16시-18시,12,05,사고건수
교량위,18시-20시,20,05,사고건수
교량위,20시-22시,11,05,사고건수
교량위,22시-24시,8,05,사고건수
고가도로위,00시-02시,0,05,사고건수
고가도로위,02시-04시,2,05,사고건수
고가도로위,04시-06시,3,05,사고건수
고가도로위,06시-08시,6,05,사고건수
고가도로위,08시-10시,9,05,사고건수
고가도로위,10시-12시,2,05,사고건수
고가도로위,12시-14시,7,05,사고건수
고가도로위,14시-16시,5,05,사고건수
고가도로위,16시-18시,4,05,사고건수
고가도로위,18시-20시,7,05,사고건수
고가도로위,20시-22시,4,05,사고건수
고가도로위,22시-24시,5,05,사고건수
지하차도(도로)내,00시-02시,6,05,사고건수
지하차도(도로)내,02시-04시,4,05,사고건수
지하차도(도로)내,04시-06시,0,05,사고건수
지하차도(도로)내,06시-08시,6,05,사고건수
지하차도(도로)내,08시-10시,18,05,사고건수
지하차도(도로)내,10시-12시,15,05,사고건수
지하차도(도로)내,12시-14시,18,05,사고건수
지하차도(도로)내,14시-16시,31,05,사고건수
지하차도(도로)내,16시-18시,35,05,사고건수
지하차도(도로)내,18시-20시,28,05,사고건수
지하차도(도로)내,20시-22시,17,05,사고건수
지하차도(도로)내,22시-24시,8,05,사고건수
교차로내,00시-02시,174,05,사고건수
교차로내,02시-04시,98,05,사고건수
교차로내,04시-06시,100,05,사고건수
교차로내,06시-08시,292,05,사고건수
교차로내,08시-10시,546,05,사고건수
교차로내,10시-12시,494,05,사고건수
교차로내,12시-14시,664,05,사고건수
교차로내,14시-16시,621,05,사고건수
교차로내,16시-18시,700,05,사고건수
교차로내,18시-20시,661,05,사고건수
교차로내,20시-22시,540,05,사고건수
교차로내,22시-24시,340,05,사고건수
교차로횡단보도내,00시-02시,14,05,사고건수
교차로횡단보도내,02시-04시,8,05,사고건수
교차로횡단보도내,04시-06시,7,05,사고건수
교차로횡단보도내,06시-08시,25,05,사고건수
교차로횡단보도내,08시-10시,53,05,사고건수
교차로횡단보도내,10시-12시,64,05,사고건수
교차로횡단보도내,12시-14시,60,05,사고건수
교차로횡단보도내,14시-16시,75,05,사고건수
교차로횡단보도내,16시-18시,68,05,사고건수
교차로횡단보도내,18시-20시,76,05,사고건수
교차로횡단보도내,20시-22시,72,05,사고건수
교차로횡단보도내,22시-24시,40,05,사고건수
교차로부근,00시-02시,88,05,사고건수
교차로부근,02시-04시,45,05,사고건수
교차로부근,04시-06시,48,05,사고건수
교차로부근,06시-08시,105,05,사고건수
교차로부근,08시-10시,217,05,사고건수
교차로부근,10시-12시,236,05,사고건수
교차로부근,12시-14시,308,05,사고건수
교차로부근,14시-16시,322,05,사고건수
교차로부근,16시-18시,349,05,사고건수
교차로부근,18시-20시,309,05,사고건수
교차로부근,20시-22시,295,05,사고건수
교차로부근,22시-24시,235,05,사고건수
터널안,00시-02시,0,05,사망자수
터널안,02시-04시,0,05,사망자수
터널안,04시-06시,0,05,사망자수
터널안,06시-08시,0,05,사망자수
터널안,08시-10시,0,05,사망자수
터널안,10시-12시,0,05,사망자수
터널안,12시-14시,1,05,사망자수
터널안,14시-16시,0,05,사망자수
터널안,16시-18시,0,05,사망자수
터널안,18시-20시,0,05,사망자수
터널안,20시-22시,0,05,사망자수
터널안,22시-24시,0,05,사망자수
교량위,00시-02시,0,05,사망자수
교량위,02시-04시,0,05,사망자수
교량위,04시-06시,1,05,사망자수
교량위,06시-08시,0,05,사망자수
교량위,08시-10시,0,05,사망자수
교량위,10시-12시,0,05,사망자수
교량위,12시-14시,0,05,사망자수
교량위,14시-16시,0,05,사망자수
교량위,16시-18시,0,05,사망자수
교량위,18시-20시,0,05,사망자수
교량위,20시-22시,0,05,사망자수
교량위,22시-24시,0,05,사망자수
고가도로위,00시-02시,0,05,사망자수
고가도로위,02시-04시,0,05,사망자수
고가도로위,04시-06시,0,05,사망자수
고가도로위,06시-08시,0,05,사망자수
고가도로위,08시-10시,1,05,사망자수
고가도로위,10시-12시,0,05,사망자수
고가도로위,12시-14시,1,05,사망자수
고가도로위,14시-16시,0,05,사망자수
고가도로위,16시-18시,0,05,사망자수
고가도로위,18시-20시,0,05,사망자수
고가도로위,20시-22시,0,05,사망자수
고가도로위,22시-24시,0,05,사망자수
지하차도(도로)내,00시-02시,1,05,사망자수
지하차도(도로)내,02시-04시,0,05,사망자수
지하차도(도로)내,04시-06시,0,05,사망자수
지하차도(도로)내,06시-08시,0,05,사망자수
지하차도(도로)내,08시-10시,0,05,사망자수
지하차도(도로)내,10시-12시,0,05,사망자수
지하차도(도로)내,12시-14시,2,05,사망자수
지하차도(도로)내,14시-16시,1,05,사망자수
지하차도(도로)내,16시-18시,2,05,사망자수
지하차도(도로)내,18시-20시,0,05,사망자수
지하차도(도로)내,20시-22시,0,05,사망자수
지하차도(도로)내,22시-24시,0,05,사망자수
교차로내,00시-02시,3,05,사망자수
교차로내,02시-04시,2,05,사망자수
교차로내,04시-06시,0,05,사망자수
교차로내,06시-08시,6,05,사망자수
교차로내,08시-10시,7,05,사망자수
교차로내,10시-12시,6,05,사망자수
교차로내,12시-14시,11,05,사망자수
교차로내,14시-16시,7,05,사망자수
교차로내,16시-18시,5,05,사망자수
교차로내,18시-20시,5,05,사망자수
교차로내,20시-22시,5,05,사망자수
교차로내,22시-24시,3,05,사망자수
교차로횡단보도내,00시-02시,0,05,사망자수
교차로횡단보도내,02시-04시,1,05,사망자수
교차로횡단보도내,04시-06시,2,05,사망자수
교차로횡단보도내,06시-08시,0,05,사망자수
교차로횡단보도내,08시-10시,1,05,사망자수
교차로횡단보도내,10시-12시,1,05,사망자수
교차로횡단보도내,12시-14시,1,05,사망자수
교차로횡단보도내,14시-16시,1,05,사망자수
교차로횡단보도내,16시-18시,0,05,사망자수
교차로횡단보도내,18시-20시,0,05,사망자수
교차로횡단보도내,20시-22시,1,05,사망자수
교차로횡단보도내,22시-24시,0,05,사망자수
교차로부근,00시-02시,2,05,사망자수
교차로부근,02시-04시,0,05,사망자수
교차로부근,04시-06시,2,05,사망자수
교차로부근,06시-08시,2,05,사망자수
교차로부근,08시-10시,3,05,사망자수
교차로부근,10시-12시,3,05,사망자수
교차로부근,12시-14시,3,05,사망자수
교차로부근,14시-16시,3,05,사망자수
교차로부근,16시-18시,2,05,사망자수
교차로부근,18시-20시,1,05,사망자수
교차로부근,20시-22시,2,05,사망자수
교차로부근,22시-24시,2,05,사망자수
터널안,00시-02시,2,05,부상자수
터널안,02시-04시,3,05,부상자수
터널안,04시-06시,3,05,부상자수
터널안,06시-08시,8,05,부상자수
터널안,08시-10시,12,05,부상자수
터널안,10시-12시,6,05,부상자수
터널안,12시-14시,13,05,부상자수
터널안,14시-16시,40,05,부상자수
터널안,16시-18시,15,05,부상자수
터널안,18시-20시,43,05,부상자수
터널안,20시-22시,7,05,부상자수
터널안,22시-24시,8,05,부상자수
교량위,00시-02시,10,05,부상자수
교량위,02시-04시,4,05,부상자수
교량위,04시-06시,6,05,부상자수
교량위,06시-08시,14,05,부상자수
교량위,08시-10시,11,05,부상자수
교량위,10시-12시,38,05,부상자수
교량위,12시-14시,16,05,부상자수
교량위,14시-16시,40,05,부상자수
교량위,16시-18시,18,05,부상자수
교량위,18시-20시,37,05,부상자수
교량위,20시-22시,18,05,부상자수
교량위,22시-24시,12,05,부상자수
고가도로위,00시-02시,0,05,부상자수
고가도로위,02시-04시,6,05,부상자수
고가도로위,04시-06시,6,05,부상자수
고가도로위,06시-08시,11,05,부상자수
고가도로위,08시-10시,13,05,부상자수
고가도로위,10시-12시,6,05,부상자수
고가도로위,12시-14시,7,05,부상자수
고가도로위,14시-16시,10,05,부상자수
고가도로위,16시-18시,4,05,부상자수
고가도로위,18시-20시,9,05,부상자수
고가도로위,20시-22시,7,05,부상자수
고가도로위,22시-24시,8,05,부상자수
지하차도(도로)내,00시-02시,5,05,부상자수
지하차도(도로)내,02시-04시,5,05,부상자수
지하차도(도로)내,04시-06시,0,05,부상자수
지하차도(도로)내,06시-08시,6,05,부상자수
지하차도(도로)내,08시-10시,24,05,부상자수
지하차도(도로)내,10시-12시,24,05,부상자수
지하차도(도로)내,12시-14시,27,05,부상자수
지하차도(도로)내,14시-16시,42,05,부상자수
지하차도(도로)내,16시-18시,59,05,부상자수
지하차도(도로)내,18시-20시,44,05,부상자수
지하차도(도로)내,20시-22시,22,05,부상자수
지하차도(도로)내,22시-24시,12,05,부상자수
교차로내,00시-02시,297,05,부상자수
교차로내,02시-04시,164,05,부상자수
교차로내,04시-06시,146,05,부상자수
교차로내,06시-08시,446,05,부상자수
교차로내,08시-10시,809,05,부상자수
교차로내,10시-12시,717,05,부상자수
교차로내,12시-14시,1024,05,부상자수
교차로내,14시-16시,943,05,부상자수
교차로내,16시-18시,1053,05,부상자수
교차로내,18시-20시,969,05,부상자수
교차로내,20시-22시,767,05,부상자수
교차로내,22시-24시,526,05,부상자수
교차로횡단보도내,00시-02시,17,05,부상자수
교차로횡단보도내,02시-04시,8,05,부상자수
교차로횡단보도내,04시-06시,5,05,부상자수
교차로횡단보도내,06시-08시,27,05,부상자수
교차로횡단보도내,08시-10시,58,05,부상자수
교차로횡단보도내,10시-12시,70,05,부상자수
교차로횡단보도내,12시-14시,67,05,부상자수
교차로횡단보도내,14시-16시,89,05,부상자수
교차로횡단보도내,16시-18시,71,05,부상자수
교차로횡단보도내,18시-20시,82,05,부상자수
교차로횡단보도내,20시-22시,80,05,부상자수
교차로횡단보도내,22시-24시,47,05,부상자수
교차로부근,00시-02시,126,05,부상자수
교차로부근,02시-04시,68,05,부상자수
교차로부근,04시-06시,73,05,부상자수
교차로부근,06시-08시,148,05,부상자수
교차로부근,08시-10시,310,05,부상자수
교차로부근,10시-12시,323,05,부상자수
교차로부근,12시-14시,455,05,부상자수
교차로부근,14시-16시,476,05,부상자수
교차로부근,16시-18시,526,05,부상자수
교차로부근,18시-20시,424,05,부상자수
교차로부근,20시-22시,430,05,부상자수
교차로부근,22시-24시,354,05,부상자수
터널안,00시-02시,1,06,사고건수
터널안,02시-04시,1,06,사고건수
터널안,04시-06시,3,06,사고건수
터널안,06시-08시,4,06,사고건수
터널안,08시-10시,5,06,사고건수
터널안,10시-12시,4,06,사고건수
터널안,12시-14시,5,06,사고건수
터널안,14시-16시,17,06,사고건수
터널안,16시-18시,9,06,사고건수
터널안,18시-20시,9,06,사고건수
터널안,20시-22시,2,06,사고건수
터널안,22시-24시,4,06,사고건수
교량위,00시-02시,5,06,사고건수
교량위,02시-04시,2,06,사고건수
교량위,04시-06시,2,06,사고건수
교량위,06시-08시,7,06,사고건수
교량위,08시-10시,11,06,사고건수
교량위,10시-12시,11,06,사고건수
교량위,12시-14시,11,06,사고건수
교량위,14시-16시,8,06,사고건수
교량위,16시-18시,23,06,사고건수
교량위,18시-20시,11,06,사고건수
교량위,20시-22시,11,06,사고건수
교량위,22시-24시,9,06,사고건수
고가도로위,00시-02시,2,06,사고건수
고가도로위,02시-04시,1,06,사고건수
고가도로위,04시-06시,0,06,사고건수
고가도로위,06시-08시,2,06,사고건수
고가도로위,08시-10시,2,06,사고건수
고가도로위,10시-12시,8,06,사고건수
고가도로위,12시-14시,5,06,사고건수
고가도로위,14시-16시,6,06,사고건수
고가도로위,16시-18시,10,06,사고건수
고가도로위,18시-20시,10,06,사고건수
고가도로위,20시-22시,3,06,사고건수
고가도로위,22시-24시,5,06,사고건수
지하차도(도로)내,00시-02시,9,06,사고건수
지하차도(도로)내,02시-04시,6,06,사고건수
지하차도(도로)내,04시-06시,0,06,사고건수
지하차도(도로)내,06시-08시,12,06,사고건수
지하차도(도로)내,08시-10시,18,06,사고건수
지하차도(도로)내,10시-12시,16,06,사고건수
지하차도(도로)내,12시-14시,18,06,사고건수
지하차도(도로)내,14시-16시,24,06,사고건수
지하차도(도로)내,16시-18시,23,06,사고건수
지하차도(도로)내,18시-20시,25,06,사고건수
지하차도(도로)내,20시-22시,18,06,사고건수
지하차도(도로)내,22시-24시,6,06,사고건수
교차로내,00시-02시,175,06,사고건수
교차로내,02시-04시,76,06,사고건수
교차로내,04시-06시,105,06,사고건수
교차로내,06시-08시,291,06,사고건수
교차로내,08시-10시,573,06,사고건수
교차로내,10시-12시,532,06,사고건수
교차로내,12시-14시,592,06,사고건수
교차로내,14시-16시,626,06,사고건수
교차로내,16시-18시,784,06,사고건수
교차로내,18시-20시,655,06,사고건수
교차로내,20시-22시,508,06,사고건수
교차로내,22시-24시,418,06,사고건수
교차로횡단보도내,00시-02시,16,06,사고건수
교차로횡단보도내,02시-04시,4,06,사고건수
교차로횡단보도내,04시-06시,13,06,사고건수
교차로횡단보도내,06시-08시,24,06,사고건수
교차로횡단보도내,08시-10시,60,06,사고건수
교차로횡단보도내,10시-12시,63,06,사고건수
교차로횡단보도내,12시-14시,50,06,사고건수
교차로횡단보도내,14시-16시,67,06,사고건수
교차로횡단보도내,16시-18시,83,06,사고건수
교차로횡단보도내,18시-20시,79,06,사고건수
교차로횡단보도내,20시-22시,69,06,사고건수
교차로횡단보도내,22시-24시,40,06,사고건수
교차로부근,00시-02시,91,06,사고건수
교차로부근,02시-04시,39,06,사고건수
교차로부근,04시-06시,31,06,사고건수
교차로부근,06시-08시,122,06,사고건수
교차로부근,08시-10시,274,06,사고건수
교차로부근,10시-12시,277,06,사고건수
교차로부근,12시-14시,291,06,사고건수
교차로부근,14시-16시,296,06,사고건수
교차로부근,16시-18시,360,06,사고건수
교차로부근,18시-20시,300,06,사고건수
교차로부근,20시-22시,263,06,사고건수
교차로부근,22시-24시,261,06,사고건수
터널안,00시-02시,0,06,사망자수
터널안,02시-04시,0,06,사망자수
터널안,04시-06시,0,06,사망자수
터널안,06시-08시,0,06,사망자수
터널안,08시-10시,0,06,사망자수
터널안,10시-12시,1,06,사망자수
터널안,12시-14시,0,06,사망자수
터널안,14시-16시,0,06,사망자수
터널안,16시-18시,0,06,사망자수
터널안,18시-20시,0,06,사망자수
터널안,20시-22시,0,06,사망자수
터널안,22시-24시,0,06,사망자수
교량위,00시-02시,0,06,사망자수
교량위,02시-04시,0,06,사망자수
교량위,04시-06시,0,06,사망자수
교량위,06시-08시,0,06,사망자수
교량위,08시-10시,1,06,사망자수
교량위,10시-12시,0,06,사망자수
교량위,12시-14시,2,06,사망자수
교량위,14시-16시,0,06,사망자수
교량위,16시-18시,0,06,사망자수
교량위,18시-20시,0,06,사망자수
교량위,20시-22시,0,06,사망자수
교량위,22시-24시,0,06,사망자수
고가도로위,00시-02시,0,06,사망자수
고가도로위,02시-04시,0,06,사망자수
고가도로위,04시-06시,0,06,사망자수
고가도로위,06시-08시,0,06,사망자수
고가도로위,08시-10시,0,06,사망자수
고가도로위,10시-12시,0,06,사망자수
고가도로위,12시-14시,0,06,사망자수
고가도로위,14시-16시,0,06,사망자수
고가도로위,16시-18시,0,06,사망자수
고가도로위,18시-20시,0,06,사망자수
고가도로위,20시-22시,0,06,사망자수
고가도로위,22시-24시,0,06,사망자수
지하차도(도로)내,00시-02시,2,06,사망자수
지하차도(도로)내,02시-04시,1,06,사망자수
지하차도(도로)내,04시-06시,0,06,사망자수
지하차도(도로)내,06시-08시,0,06,사망자수
지하차도(도로)내,08시-10시,0,06,사망자수
지하차도(도로)내,10시-12시,1,06,사망자수
지하차도(도로)내,12시-14시,1,06,사망자수
지하차도(도로)내,14시-16시,1,06,사망자수
지하차도(도로)내,16시-18시,0,06,사망자수
지하차도(도로)내,18시-20시,0,06,사망자수
지하차도(도로)내,20시-22시,1,06,사망자수
지하차도(도로)내,22시-24시,0,06,사망자수
교차로내,00시-02시,7,06,사망자수
교차로내,02시-04시,0,06,사망자수
교차로내,04시-06시,2,06,사망자수
교차로내,06시-08시,5,06,사망자수
교차로내,08시-10시,6,06,사망자수
교차로내,10시-12시,4,06,사망자수
교차로내,12시-14시,2,06,사망자수
교차로내,14시-16시,4,06,사망자수
교차로내,16시-18시,6,06,사망자수
교차로내,18시-20시,2,06,사망자수
교차로내,20시-22시,3,06,사망자수
교차로내,22시-24시,3,06,사망자수
교차로횡단보도내,00시-02시,2,06,사망자수
교차로횡단보도내,02시-04시,0,06,사망자수
교차로횡단보도내,04시-06시,1,06,사망자수
교차로횡단보도내,06시-08시,1,06,사망자수
교차로횡단보도내,08시-10시,2,06,사망자수
교차로횡단보도내,10시-12시,2,06,사망자수
교차로횡단보도내,12시-14시,1,06,사망자수
교차로횡단보도내,14시-16시,0,06,사망자수
교차로횡단보도내,16시-18시,1,06,사망자수
교차로횡단보도내,18시-20시,1,06,사망자수
교차로횡단보도내,20시-22시,1,06,사망자수
교차로횡단보도내,22시-24시,1,06,사망자수
교차로부근,00시-02시,2,06,사망자수
교차로부근,02시-04시,1,06,사망자수
교차로부근,04시-06시,6,06,사망자수
교차로부근,06시-08시,1,06,사망자수
교차로부근,08시-10시,2,06,사망자수
교차로부근,10시-12시,5,06,사망자수
교차로부근,12시-14시,0,06,사망자수
교차로부근,14시-16시,2,06,사망자수
교차로부근,16시-18시,0,06,사망자수
교차로부근,18시-20시,4,06,사망자수
교차로부근,20시-22시,1,06,사망자수
교차로부근,22시-24시,2,06,사망자수
터널안,00시-02시,1,06,부상자수
터널안,02시-04시,1,06,부상자수
터널안,04시-06시,3,06,부상자수
터널안,06시-08시,4,06,부상자수
터널안,08시-10시,5,06,부상자수
터널안,10시-12시,5,06,부상자수
터널안,12시-14시,15,06,부상자수
터널안,14시-16시,40,06,부상자수
터널안,16시-18시,34,06,부상자수
터널안,18시-20시,15,06,부상자수
터널안,20시-22시,2,06,부상자수
터널안,22시-24시,10,06,부상자수
교량위,00시-02시,5,06,부상자수
교량위,02시-04시,5,06,부상자수
교량위,04시-06시,2,06,부상자수
교량위,06시-08시,11,06,부상자수
교량위,08시-10시,18,06,부상자수
교량위,10시-12시,23,06,부상자수
교량위,12시-14시,22,06,부상자수
교량위,14시-16시,17,06,부상자수
교량위,16시-18시,40,06,부상자수
교량위,18시-20시,21,06,부상자수
교량위,20시-22시,14,06,부상자수
교량위,22시-24시,18,06,부상자수
고가도로위,00시-02시,3,06,부상자수
고가도로위,02시-04시,1,06,부상자수
고가도로위,04시-06시,0,06,부상자수
고가도로위,06시-08시,4,06,부상자수
고가도로위,08시-10시,4,06,부상자수
고가도로위,10시-12시,13,06,부상자수
고가도로위,12시-14시,7,06,부상자수
고가도로위,14시-16시,10,06,부상자수
고가도로위,16시-18시,15,06,부상자수
고가도로위,18시-20시,22,06,부상자수
고가도로위,20시-22시,4,06,부상자수
고가도로위,22시-24시,8,06,부상자수
지하차도(도로)내,00시-02시,9,06,부상자수
지하차도(도로)내,02시-04시,9,06,부상자수
지하차도(도로)내,04시-06시,0,06,부상자수
지하차도(도로)내,06시-08시,17,06,부상자수
지하차도(도로)내,08시-10시,23,06,부상자수
지하차도(도로)내,10시-12시,27,06,부상자수
지하차도(도로)내,12시-14시,18,06,부상자수
지하차도(도로)내,14시-16시,31,06,부상자수
지하차도(도로)내,16시-18시,43,06,부상자수
지하차도(도로)내,18시-20시,28,06,부상자수
지하차도(도로)내,20시-22시,22,06,부상자수
지하차도(도로)내,22시-24시,8,06,부상자수
교차로내,00시-02시,254,06,부상자수
교차로내,02시-04시,125,06,부상자수
교차로내,04시-06시,160,06,부상자수
교차로내,06시-08시,401,06,부상자수
교차로내,08시-10시,828,06,부상자수
교차로내,10시-12시,771,06,부상자수
교차로내,12시-14시,965,06,부상자수
교차로내,14시-16시,982,06,부상자수
교차로내,16시-18시,1199,06,부상자수
교차로내,18시-20시,943,06,부상자수
교차로내,20시-22시,755,06,부상자수
교차로내,22시-24시,687,06,부상자수
교차로횡단보도내,00시-02시,15,06,부상자수
교차로횡단보도내,02시-04시,5,06,부상자수
교차로횡단보도내,04시-06시,15,06,부상자수
교차로횡단보도내,06시-08시,28,06,부상자수
교차로횡단보도내,08시-10시,65,06,부상자수
교차로횡단보도내,10시-12시,67,06,부상자수
교차로횡단보도내,12시-14시,54,06,부상자수
교차로횡단보도내,14시-16시,70,06,부상자수
교차로횡단보도내,16시-18시,86,06,부상자수
교차로횡단보도내,18시-20시,92,06,부상자수
교차로횡단보도내,20시-22시,75,06,부상자수
교차로횡단보도내,22시-24시,47,06,부상자수
교차로부근,00시-02시,140,06,부상자수
교차로부근,02시-04시,57,06,부상자수
교차로부근,04시-06시,44,06,부상자수
교차로부근,06시-08시,160,06,부상자수
교차로부근,08시-10시,398,06,부상자수
교차로부근,10시-12시,398,06,부상자수
교차로부근,12시-14시,428,06,부상자수
교차로부근,14시-16시,436,06,부상자수
교차로부근,16시-18시,528,06,부상자수
교차로부근,18시-20시,411,06,부상자수
교차로부근,20시-22시,416,06,부상자수
교차로부근,22시-24시,402,06,부상자수
터널안,00시-02시,4,07,사고건수
터널안,02시-04시,5,07,사고건수
터널안,04시-06시,2,07,사고건수
터널안,06시-08시,3,07,사고건수
터널안,08시-10시,11,07,사고건수
터널안,10시-12시,11,07,사고건수
터널안,12시-14시,4,07,사고건수
터널안,14시-16시,9,07,사고건수
터널안,16시-18시,12,07,사고건수
터널안,18시-20시,11,07,사고건수
터널안,20시-22시,5,07,사고건수
터널안,22시-24시,0,07,사고건수
교량위,00시-02시,8,07,사고건수
교량위,02시-04시,2,07,사고건수
교량위,04시-06시,2,07,사고건수
교량위,06시-08시,5,07,사고건수
교량위,08시-10시,16,07,사고건수
교량위,10시-12시,11,07,사고건수
교량위,12시-14시,13,07,사고건수
교량위,14시-16시,9,07,사고건수
교량위,16시-18시,16,07,사고건수
교량위,18시-20시,12,07,사고건수
교량위,20시-22시,14,07,사고건수
교량위,22시-24시,9,07,사고건수
고가도로위,00시-02시,5,07,사고건수
고가도로위,02시-04시,0,07,사고건수
고가도로위,04시-06시,4,07,사고건수
고가도로위,06시-08시,4,07,사고건수
고가도로위,08시-10시,4,07,사고건수
고가도로위,10시-12시,7,07,사고건수
고가도로위,12시-14시,6,07,사고건수
고가도로위,14시-16시,5,07,사고건수
고가도로위,16시-18시,6,07,사고건수
고가도로위,18시-20시,8,07,사고건수
고가도로위,20시-22시,4,07,사고건수
고가도로위,22시-24시,4,07,사고건수
지하차도(도로)내,00시-02시,7,07,사고건수
지하차도(도로)내,02시-04시,6,07,사고건수
지하차도(도로)내,04시-06시,3,07,사고건수
지하차도(도로)내,06시-08시,12,07,사고건수
지하차도(도로)내,08시-10시,16,07,사고건수
지하차도(도로)내,10시-12시,27,07,사고건수
지하차도(도로)내,12시-14시,25,07,사고건수
지하차도(도로)내,14시-16시,26,07,사고건수
지하차도(도로)내,16시-18시,30,07,사고건수
지하차도(도로)내,18시-20시,17,07,사고건수
지하차도(도로)내,20시-22시,12,07,사고건수
지하차도(도로)내,22시-24시,12,07,사고건수
교차로내,00시-02시,184,07,사고건수
교차로내,02시-04시,66,07,사고건수
교차로내,04시-06시,119,07,사고건수
교차로내,06시-08시,291,07,사고건수
교차로내,08시-10시,604,07,사고건수
교차로내,10시-12시,639,07,사고건수
교차로내,12시-14시,681,07,사고건수
교차로내,14시-16시,660,07,사고건수
교차로내,16시-18시,776,07,사고건수
교차로내,18시-20시,730,07,사고건수
교차로내,20시-22시,549,07,사고건수
교차로내,22시-24시,376,07,사고건수
교차로횡단보도내,00시-02시,16,07,사고건수
교차로횡단보도내,02시-04시,2,07,사고건수
교차로횡단보도내,04시-06시,10,07,사고건수
교차로횡단보도내,06시-08시,26,07,사고건수
교차로횡단보도내,08시-10시,73,07,사고건수
교차로횡단보도내,10시-12시,65,07,사고건수
교차로횡단보도내,12시-14시,61,07,사고건수
교차로횡단보도내,14시-16시,50,07,사고건수
교차로횡단보도내,16시-18시,75,07,사고건수
교차로횡단보도내,18시-20시,55,07,사고건수
교차로횡단보도내,20시-22시,70,07,사고건수
교차로횡단보도내,22시-24시,51,07,사고건수
교차로부근,00시-02시,100,07,사고건수
교차로부근,02시-04시,36,07,사고건수
교차로부근,04시-06시,57,07,사고건수
교차로부근,06시-08시,120,07,사고건수
교차로부근,08시-10시,233,07,사고건수
교차로부근,10시-12시,273,07,사고건수
교차로부근,12시-14시,296,07,사고건수
교차로부근,14시-16시,270,07,사고건수
교차로부근,16시-18시,357,07,사고건수
교차로부근,18시-20시,347,07,사고건수
교차로부근,20시-22시,290,07,사고건수
교차로부근,22시-24시,233,07,사고건수
터널안,00시-02시,2,07,사망자수
터널안,02시-04시,1,07,사망자수
터널안,04시-06시,0,07,사망자수
터널안,06시-08시,0,07,사망자수
터널안,08시-10시,0,07,사망자수
터널안,10시-12시,0,07,사망자수
터널안,12시-14시,0,07,사망자수
터널안,14시-16시,1,07,사망자수
터널안,16시-18시,0,07,사망자수
터널안,18시-20시,0,07,사망자수
터널안,20시-22시,0,07,사망자수
터널안,22시-24시,0,07,사망자수
교량위,00시-02시,0,07,사망자수
교량위,02시-04시,0,07,사망자수
교량위,04시-06시,0,07,사망자수
교량위,06시-08시,0,07,사망자수
교량위,08시-10시,1,07,사망자수
교량위,10시-12시,0,07,사망자수
교량위,12시-14시,0,07,사망자수
교량위,14시-16시,0,07,사망자수
교량위,16시-18시,0,07,사망자수
교량위,18시-20시,1,07,사망자수
교량위,20시-22시,2,07,사망자수
교량위,22시-24시,0,07,사망자수
고가도로위,00시-02시,0,07,사망자수
고가도로위,02시-04시,0,07,사망자수
고가도로위,04시-06시,0,07,사망자수
고가도로위,06시-08시,0,07,사망자수
고가도로위,08시-10시,0,07,사망자수
고가도로위,10시-12시,0,07,사망자수
고가도로위,12시-14시,0,07,사망자수
고가도로위,14시-16시,0,07,사망자수
고가도로위,16시-18시,0,07,사망자수
고가도로위,18시-20시,0,07,사망자수
고가도로위,20시-22시,0,07,사망자수
고가도로위,22시-24시,0,07,사망자수
지하차도(도로)내,00시-02시,1,07,사망자수
지하차도(도로)내,02시-04시,0,07,사망자수
지하차도(도로)내,04시-06시,0,07,사망자수
지하차도(도로)내,06시-08시,1,07,사망자수
지하차도(도로)내,08시-10시,0,07,사망자수
지하차도(도로)내,10시-12시,1,07,사망자수
지하차도(도로)내,12시-14시,2,07,사망자수
지하차도(도로)내,14시-16시,0,07,사망자수
지하차도(도로)내,16시-18시,0,07,사망자수
지하차도(도로)내,18시-20시,1,07,사망자수
지하차도(도로)내,20시-22시,0,07,사망자수
지하차도(도로)내,22시-24시,0,07,사망자수
교차로내,00시-02시,3,07,사망자수
교차로내,02시-04시,6,07,사망자수
교차로내,04시-06시,6,07,사망자수
교차로내,06시-08시,6,07,사망자수
교차로내,08시-10시,6,07,사망자수
교차로내,10시-12시,7,07,사망자수
교차로내,12시-14시,5,07,사망자수
교차로내,14시-16시,6,07,사망자수
교차로내,16시-18시,5,07,사망자수
교차로내,18시-20시,1,07,사망자수
교차로내,20시-22시,7,07,사망자수
교차로내,22시-24시,3,07,사망자수
교차로횡단보도내,00시-02시,0,07,사망자수
교차로횡단보도내,02시-04시,0,07,사망자수
교차로횡단보도내,04시-06시,1,07,사망자수
교차로횡단보도내,06시-08시,1,07,사망자수
교차로횡단보도내,08시-10시,6,07,사망자수
교차로횡단보도내,10시-12시,1,07,사망자수
교차로횡단보도내,12시-14시,0,07,사망자수
교차로횡단보도내,14시-16시,0,07,사망자수
교차로횡단보도내,16시-18시,1,07,사망자수
교차로횡단보도내,18시-20시,1,07,사망자수
교차로횡단보도내,20시-22시,2,07,사망자수
교차로횡단보도내,22시-24시,1,07,사망자수
교차로부근,00시-02시,2,07,사망자수
교차로부근,02시-04시,0,07,사망자수
교차로부근,04시-06시,1,07,사망자수
교차로부근,06시-08시,2,07,사망자수
교차로부근,08시-10시,5,07,사망자수
교차로부근,10시-12시,2,07,사망자수
교차로부근,12시-14시,2,07,사망자수
교차로부근,14시-16시,0,07,사망자수
교차로부근,16시-18시,1,07,사망자수
교차로부근,18시-20시,1,07,사망자수
교차로부근,20시-22시,0,07,사망자수
교차로부근,22시-24시,0,07,사망자수
터널안,00시-02시,7,07,부상자수
터널안,02시-04시,5,07,부상자수
터널안,04시-06시,6,07,부상자수
터널안,06시-08시,6,07,부상자수
터널안,08시-10시,23,07,부상자수
터널안,10시-12시,20,07,부상자수
터널안,12시-14시,6,07,부상자수
터널안,14시-16시,27,07,부상자수
터널안,16시-18시,38,07,부상자수
터널안,18시-20시,25,07,부상자수
터널안,20시-22시,7,07,부상자수
터널안,22시-24시,0,07,부상자수
교량위,00시-02시,14,07,부상자수
교량위,02시-04시,2,07,부상자수
교량위,04시-06시,2,07,부상자수
교량위,06시-08시,9,07,부상자수
교량위,08시-10시,24,07,부상자수
교량위,10시-12시,12,07,부상자수
교량위,12시-14시,27,07,부상자수
교량위,14시-16시,18,07,부상자수
교량위,16시-18시,22,07,부상자수
교량위,18시-20시,15,07,부상자수
교량위,20시-22시,19,07,부상자수
교량위,22시-24시,17,07,부상자수
고가도로위,00시-02시,7,07,부상자수
고가도로위,02시-04시,0,07,부상자수
고가도로위,04시-06시,7,07,부상자수
고가도로위,06시-08시,5,07,부상자수
고가도로위,08시-10시,8,07,부상자수
고가도로위,10시-12시,11,07,부상자수
고가도로위,12시-14시,11,07,부상자수
고가도로위,14시-16시,14,07,부상자수
고가도로위,16시-18시,9,07,부상자수
고가도로위,18시-20시,16,07,부상자수
고가도로위,20시-22시,4,07,부상자수
고가도로위,22시-24시,10,07,부상자수
지하차도(도로)내,00시-02시,10,07,부상자수
지하차도(도로)내,02시-04시,7,07,부상자수
지하차도(도로)내,04시-06시,3,07,부상자수
지하차도(도로)내,06시-08시,18,07,부상자수
지하차도(도로)내,08시-10시,21,07,부상자수
지하차도(도로)내,10시-12시,49,07,부상자수
지하차도(도로)내,12시-14시,56,07,부상자수
지하차도(도로)내,14시-16시,43,07,부상자수
지하차도(도로)내,16시-18시,55,07,부상자수
지하차도(도로)내,18시-20시,26,07,부상자수
지하차도(도로)내,20시-22시,22,07,부상자수
지하차도(도로)내,22시-24시,18,07,부상자수
교차로내,00시-02시,302,07,부상자수
교차로내,02시-04시,106,07,부상자수
교차로내,04시-06시,184,07,부상자수
교차로내,06시-08시,404,07,부상자수
교차로내,08시-10시,924,07,부상자수
교차로내,10시-12시,962,07,부상자수
교차로내,12시-14시,1006,07,부상자수
교차로내,14시-16시,998,07,부상자수
교차로내,16시-18시,1117,07,부상자수
교차로내,18시-20시,1066,07,부상자수
교차로내,20시-22시,800,07,부상자수
교차로내,22시-24시,561,07,부상자수
교차로횡단보도내,00시-02시,18,07,부상자수
교차로횡단보도내,02시-04시,2,07,부상자수
교차로횡단보도내,04시-06시,9,07,부상자수
교차로횡단보도내,06시-08시,25,07,부상자수
교차로횡단보도내,08시-10시,89,07,부상자수
교차로횡단보도내,10시-12시,68,07,부상자수
교차로횡단보도내,12시-14시,66,07,부상자수
교차로횡단보도내,14시-16시,51,07,부상자수
교차로횡단보도내,16시-18시,82,07,부상자수
교차로횡단보도내,18시-20시,60,07,부상자수
교차로횡단보도내,20시-22시,82,07,부상자수
교차로횡단보도내,22시-24시,58,07,부상자수
교차로부근,00시-02시,147,07,부상자수
교차로부근,02시-04시,55,07,부상자수
교차로부근,04시-06시,77,07,부상자수
교차로부근,06시-08시,159,07,부상자수
교차로부근,08시-10시,317,07,부상자수
교차로부근,10시-12시,410,07,부상자수
교차로부근,12시-14시,437,07,부상자수
교차로부근,14시-16시,406,07,부상자수
교차로부근,16시-18시,525,07,부상자수
교차로부근,18시-20시,528,07,부상자수
교차로부근,20시-22시,440,07,부상자수
교차로부근,22시-24시,364,07,부상자수
터널안,00시-02시,1,08,사고건수
터널안,02시-04시,4,08,사고건수
터널안,04시-06시,2,08,사고건수
터널안,06시-08시,5,08,사고건수
터널안,08시-10시,8,08,사고건수
터널안,10시-12시,5,08,사고건수
터널안,12시-14시,11,08,사고건수
터널안,14시-16시,10,08,사고건수
터널안,16시-18시,11,08,사고건수
터널안,18시-20시,8,08,사고건수
터널안,20시-22시,1,08,사고건수
터널안,22시-24시,2,08,사고건수
교량위,00시-02시,5,08,사고건수
교량위,02시-04시,2,08,사고건수
교량위,04시-06시,5,08,사고건수
교량위,06시-08시,6,08,사고건수
교량위,08시-10시,10,08,사고건수
교량위,10시-12시,13,08,사고건수
교량위,12시-14시,15,08,사고건수
교량위,14시-16시,17,08,사고건수
교량위,16시-18시,18,08,사고건수
교량위,18시-20시,14,08,사고건수
교량위,20시-22시,11,08,사고건수
교량위,22시-24시,7,08,사고건수
고가도로위,00시-02시,2,08,사고건수
고가도로위,02시-04시,1,08,사고건수
고가도로위,04시-06시,1,08,사고건수
고가도로위,06시-08시,2,08,사고건수
고가도로위,08시-10시,8,08,사고건수
고가도로위,10시-12시,9,08,사고건수
고가도로위,12시-14시,7,08,사고건수
고가도로위,14시-16시,7,08,사고건수
고가도로위,16시-18시,6,08,사고건수
고가도로위,18시-20시,5,08,사고건수
고가도로위,20시-22시,6,08,사고건수
고가도로위,22시-24시,4,08,사고건수
지하차도(도로)내,00시-02시,6,08,사고건수
지하차도(도로)내,02시-04시,6,08,사고건수
지하차도(도로)내,04시-06시,2,08,사고건수
지하차도(도로)내,06시-08시,4,08,사고건수
지하차도(도로)내,08시-10시,14,08,사고건수
지하차도(도로)내,10시-12시,18,08,사고건수
지하차도(도로)내,12시-14시,27,08,사고건수
지하차도(도로)내,14시-16시,15,08,사고건수
지하차도(도로)내,16시-18시,33,08,사고건수
지하차도(도로)내,18시-20시,23,08,사고건수
지하차도(도로)내,20시-22시,18,08,사고건수
지하차도(도로)내,22시-24시,10,08,사고건수
교차로내,00시-02시,125,08,사고건수
교차로내,02시-04시,51,08,사고건수
교차로내,04시-06시,90,08,사고건수
교차로내,06시-08시,255,08,사고건수
교차로내,08시-10시,509,08,사고건수
교차로내,10시-12시,540,08,사고건수
교차로내,12시-14시,627,08,사고건수
교차로내,14시-16시,635,08,사고건수
교차로내,16시-18시,615,08,사고건수
교차로내,18시-20시,694,08,사고건수
교차로내,20시-22시,594,08,사고건수
교차로내,22시-24시,330,08,사고건수
교차로횡단보도내,00시-02시,6,08,사고건수
교차로횡단보도내,02시-04시,4,08,사고건수
교차로횡단보도내,04시-06시,4,08,사고건수
교차로횡단보도내,06시-08시,31,08,사고건수
교차로횡단보도내,08시-10시,56,08,사고건수
교차로횡단보도내,10시-12시,64,08,사고건수
교차로횡단보도내,12시-14시,51,08,사고건수
교차로횡단보도내,14시-16시,53,08,사고건수
교차로횡단보도내,16시-18시,82,08,사고건수
교차로횡단보도내,18시-20시,77,08,사고건수
교차로횡단보도내,20시-22시,60,08,사고건수
교차로횡단보도내,22시-24시,43,08,사고건수
교차로부근,00시-02시,70,08,사고건수
교차로부근,02시-04시,30,08,사고건수
교차로부근,04시-06시,47,08,사고건수
교차로부근,06시-08시,107,08,사고건수
교차로부근,08시-10시,206,08,사고건수
교차로부근,10시-12시,255,08,사고건수
교차로부근,12시-14시,325,08,사고건수
교차로부근,14시-16시,307,08,사고건수
교차로부근,16시-18시,320,08,사고건수
교차로부근,18시-20시,296,08,사고건수
교차로부근,20시-22시,280,08,사고건수
교차로부근,22시-24시,200,08,사고건수
터널안,00시-02시,0,08,사망자수
터널안,02시-04시,1,08,사망자수
터널안,04시-06시,0,08,사망자수
터널안,06시-08시,0,08,사망자수
터널안,08시-10시,0,08,사망자수
터널안,10시-12시,0,08,사망자수
터널안,12시-14시,0,08,사망자수
터널안,14시-16시,0,08,사망자수
터널안,16시-18시,0,08,사망자수
터널안,18시-20시,0,08,사망자수
터널안,20시-22시,0,08,사망자수
터널안,22시-24시,0,08,사망자수
교량위,00시-02시,0,08,사망자수
교량위,02시-04시,0,08,사망자수
교량위,04시-06시,1,08,사망자수
교량위,06시-08시,0,08,사망자수
교량위,08시-10시,1,08,사망자수
교량위,10시-12시,0,08,사망자수
교량위,12시-14시,0,08,사망자수
교량위,14시-16시,1,08,사망자수
교량위,16시-18시,0,08,사망자수
교량위,18시-20시,0,08,사망자수
교량위,20시-22시,0,08,사망자수
교량위,22시-24시,2,08,사망자수
고가도로위,00시-02시,0,08,사망자수
고가도로위,02시-04시,0,08,사망자수
고가도로위,04시-06시,0,08,사망자수
고가도로위,06시-08시,0,08,사망자수
고가도로위,08시-10시,0,08,사망자수
고가도로위,10시-12시,0,08,사망자수
고가도로위,12시-14시,0,08,사망자수
고가도로위,14시-16시,0,08,사망자수
고가도로위,16시-18시,0,08,사망자수
고가도로위,18시-20시,0,08,사망자수
고가도로위,20시-22시,1,08,사망자수
고가도로위,22시-24시,0,08,사망자수
지하차도(도로)내,00시-02시,1,08,사망자수
지하차도(도로)내,02시-04시,1,08,사망자수
지하차도(도로)내,04시-06시,0,08,사망자수
지하차도(도로)내,06시-08시,1,08,사망자수
지하차도(도로)내,08시-10시,0,08,사망자수
지하차도(도로)내,10시-12시,0,08,사망자수
지하차도(도로)내,12시-14시,0,08,사망자수
지하차도(도로)내,14시-16시,0,08,사망자수
지하차도(도로)내,16시-18시,0,08,사망자수
지하차도(도로)내,18시-20시,0,08,사망자수
지하차도(도로)내,20시-22시,1,08,사망자수
지하차도(도로)내,22시-24시,2,08,사망자수
교차로내,00시-02시,1,08,사망자수
교차로내,02시-04시,1,08,사망자수
교차로내,04시-06시,1,08,사망자수
교차로내,06시-08시,6,08,사망자수
교차로내,08시-10시,4,08,사망자수
교차로내,10시-12시,5,08,사망자수
교차로내,12시-14시,5,08,사망자수
교차로내,14시-16시,3,08,사망자수
교차로내,16시-18시,5,08,사망자수
교차로내,18시-20시,5,08,사망자수
교차로내,20시-22시,7,08,사망자수
교차로내,22시-24시,6,08,사망자수
교차로횡단보도내,00시-02시,0,08,사망자수
교차로횡단보도내,02시-04시,1,08,사망자수
교차로횡단보도내,04시-06시,1,08,사망자수
교차로횡단보도내,06시-08시,0,08,사망자수
교차로횡단보도내,08시-10시,1,08,사망자수
교차로횡단보도내,10시-12시,3,08,사망자수
교차로횡단보도내,12시-14시,2,08,사망자수
교차로횡단보도내,14시-16시,0,08,사망자수
교차로횡단보도내,16시-18시,1,08,사망자수
교차로횡단보도내,18시-20시,1,08,사망자수
교차로횡단보도내,20시-22시,0,08,사망자수
교차로횡단보도내,22시-24시,3,08,사망자수
교차로부근,00시-02시,1,08,사망자수
교차로부근,02시-04시,1,08,사망자수
교차로부근,04시-06시,3,08,사망자수
교차로부근,06시-08시,1,08,사망자수
교차로부근,08시-10시,2,08,사망자수
교차로부근,10시-12시,2,08,사망자수
교차로부근,12시-14시,3,08,사망자수
교차로부근,14시-16시,3,08,사망자수
교차로부근,16시-18시,3,08,사망자수
교차로부근,18시-20시,2,08,사망자수
교차로부근,20시-22시,2,08,사망자수
교차로부근,22시-24시,4,08,사망자수
터널안,00시-02시,4,08,부상자수
터널안,02시-04시,7,08,부상자수
터널안,04시-06시,2,08,부상자수
터널안,06시-08시,9,08,부상자수
터널안,08시-10시,16,08,부상자수
터널안,10시-12시,15,08,부상자수
터널안,12시-14시,35,08,부상자수
터널안,14시-16시,20,08,부상자수
터널안,16시-18시,29,08,부상자수
터널안,18시-20시,13,08,부상자수
터널안,20시-22시,1,08,부상자수
터널안,22시-24시,4,08,부상자수
교량위,00시-02시,10,08,부상자수
교량위,02시-04시,4,08,부상자수
교량위,04시-06시,6,08,부상자수
교량위,06시-08시,7,08,부상자수
교량위,08시-10시,14,08,부상자수
교량위,10시-12시,43,08,부상자수
교량위,12시-14시,31,08,부상자수
교량위,14시-16시,36,08,부상자수
교량위,16시-18시,30,08,부상자수
교량위,18시-20시,23,08,부상자수
교량위,20시-22시,25,08,부상자수
교량위,22시-24시,30,08,부상자수
고가도로위,00시-02시,2,08,부상자수
고가도로위,02시-04시,1,08,부상자수
고가도로위,04시-06시,1,08,부상자수
고가도로위,06시-08시,4,08,부상자수
고가도로위,08시-10시,14,08,부상자수
고가도로위,10시-12시,13,08,부상자수
고가도로위,12시-14시,10,08,부상자수
고가도로위,14시-16시,9,08,부상자수
고가도로위,16시-18시,9,08,부상자수
고가도로위,18시-20시,7,08,부상자수
고가도로위,20시-22시,6,08,부상자수
고가도로위,22시-24시,4,08,부상자수
지하차도(도로)내,00시-02시,5,08,부상자수
지하차도(도로)내,02시-04시,6,08,부상자수
지하차도(도로)내,04시-06시,2,08,부상자수
지하차도(도로)내,06시-08시,5,08,부상자수
지하차도(도로)내,08시-10시,15,08,부상자수
지하차도(도로)내,10시-12시,28,08,부상자수
지하차도(도로)내,12시-14시,44,08,부상자수
지하차도(도로)내,14시-16시,23,08,부상자수
지하차도(도로)내,16시-18시,54,08,부상자수
지하차도(도로)내,18시-20시,36,08,부상자수
지하차도(도로)내,20시-22시,25,08,부상자수
지하차도(도로)내,22시-24시,10,08,부상자수
교차로내,00시-02시,181,08,부상자수
교차로내,02시-04시,78,08,부상자수
교차로내,04시-06시,136,08,부상자수
교차로내,06시-08시,350,08,부상자수
교차로내,08시-10시,772,08,부상자수
교차로내,10시-12시,795,08,부상자수
교차로내,12시-14시,993,08,부상자수
교차로내,14시-16시,977,08,부상자수
교차로내,16시-18시,935,08,부상자수
교차로내,18시-20시,974,08,부상자수
교차로내,20시-22시,884,08,부상자수
교차로내,22시-24시,470,08,부상자수
교차로횡단보도내,00시-02시,7,08,부상자수
교차로횡단보도내,02시-04시,3,08,부상자수
교차로횡단보도내,04시-06시,3,08,부상자수
교차로횡단보도내,06시-08시,33,08,부상자수
교차로횡단보도내,08시-10시,59,08,부상자수
교차로횡단보도내,10시-12시,68,08,부상자수
교차로횡단보도내,12시-14시,59,08,부상자수
교차로횡단보도내,14시-16시,58,08,부상자수
교차로횡단보도내,16시-18시,88,08,부상자수
교차로횡단보도내,18시-20시,86,08,부상자수
교차로횡단보도내,20시-22시,67,08,부상자수
교차로횡단보도내,22시-24시,43,08,부상자수
교차로부근,00시-02시,95,08,부상자수
교차로부근,02시-04시,44,08,부상자수
교차로부근,04시-06시,64,08,부상자수
교차로부근,06시-08시,143,08,부상자수
교차로부근,08시-10시,274,08,부상자수
교차로부근,10시-12시,365,08,부상자수
교차로부근,12시-14시,480,08,부상자수
교차로부근,14시-16시,488,08,부상자수
교차로부근,16시-18시,460,08,부상자수
교차로부근,18시-20시,428,08,부상자수
교차로부근,20시-22시,440,08,부상자수
교차로부근,22시-24시,303,08,부상자수
터널안,00시-02시,2,09,사고건수
터널안,02시-04시,1,09,사고건수
터널안,04시-06시,3,09,사고건수
터널안,06시-08시,5,09,사고건수
터널안,08시-10시,9,09,사고건수
터널안,10시-12시,13,09,사고건수
터널안,12시-14시,6,09,사고건수
터널안,14시-16시,10,09,사고건수
터널안,16시-18시,10,09,사고건수
터널안,18시-20시,12,09,사고건수
터널안,20시-22시,4,09,사고건수
터널안,22시-24시,7,09,사고건수
교량위,00시-02시,7,09,사고건수
교량위,02시-04시,4,09,사고건수
교량위,04시-06시,3,09,사고건수
교량위,06시-08시,4,09,사고건수
교량위,08시-10시,9,09,사고건수
교량위,10시-12시,13,09,사고건수
교량위,12시-14시,15,09,사고건수
교량위,14시-16시,15,09,사고건수
교량위,16시-18시,15,09,사고건수
교량위,18시-20시,24,09,사고건수
교량위,20시-22시,16,09,사고건수
교량위,22시-24시,12,09,사고건수
고가도로위,00시-02시,6,09,사고건수
고가도로위,02시-04시,1,09,사고건수
고가도로위,04시-06시,5,09,사고건수
고가도로위,06시-08시,3,09,사고건수
고가도로위,08시-10시,3,09,사고건수
고가도로위,10시-12시,6,09,사고건수
고가도로위,12시-14시,6,09,사고건수
고가도로위,14시-16시,5,09,사고건수
고가도로위,16시-18시,4,09,사고건수
고가도로위,18시-20시,13,09,사고건수
고가도로위,20시-22시,3,09,사고건수
고가도로위,22시-24시,8,09,사고건수
지하차도(도로)내,00시-02시,7,09,사고건수
지하차도(도로)내,02시-04시,2,09,사고건수
지하차도(도로)내,04시-06시,5,09,사고건수
지하차도(도로)내,06시-08시,6,09,사고건수
지하차도(도로)내,08시-10시,15,09,사고건수
지하차도(도로)내,10시-12시,17,09,사고건수
지하차도(도로)내,12시-14시,13,09,사고건수
지하차도(도로)내,14시-16시,25,09,사고건수
지하차도(도로)내,16시-18시,22,09,사고건수
지하차도(도로)내,18시-20시,25,09,사고건수
지하차도(도로)내,20시-22시,14,09,사고건수
지하차도(도로)내,22시-24시,12,09,사고건수
교차로내,00시-02시,140,09,사고건수
교차로내,02시-04시,52,09,사고건수
교차로내,04시-06시,128,09,사고건수
교차로내,06시-08시,273,09,사고건수
교차로내,08시-10시,534,09,사고건수
교차로내,10시-12시,563,09,사고건수
교차로내,12시-14시,606,09,사고건수
교차로내,14시-16시,635,09,사고건수
교차로내,16시-18시,691,09,사고건수
교차로내,18시-20시,712,09,사고건수
교차로내,20시-22시,496,09,사고건수
교차로내,22시-24시,327,09,사고건수
교차로횡단보도내,00시-02시,11,09,사고건수
교차로횡단보도내,02시-04시,5,09,사고건수
교차로횡단보도내,04시-06시,14,09,사고건수
교차로횡단보도내,06시-08시,24,09,사고건수
교차로횡단보도내,08시-10시,67,09,사고건수
교차로횡단보도내,10시-12시,53,09,사고건수
교차로횡단보도내,12시-14시,51,09,사고건수
교차로횡단보도내,14시-16시,63,09,사고건수
교차로횡단보도내,16시-18시,82,09,사고건수
교차로횡단보도내,18시-20시,128,09,사고건수
교차로횡단보도내,20시-22시,62,09,사고건수
교차로횡단보도내,22시-24시,47,09,사고건수
교차로부근,00시-02시,64,09,사고건수
교차로부근,02시-04시,26,09,사고건수
교차로부근,04시-06시,35,09,사고건수
교차로부근,06시-08시,113,09,사고건수
교차로부근,08시-10시,238,09,사고건수
교차로부근,10시-12시,267,09,사고건수
교차로부근,12시-14시,270,09,사고건수
교차로부근,14시-16시,323,09,사고건수
교차로부근,16시-18시,322,09,사고건수
교차로부근,18시-20시,341,09,사고건수
교차로부근,20시-22시,272,09,사고건수
교차로부근,22시-24시,214,09,사고건수
터널안,00시-02시,0,09,사망자수
터널안,02시-04시,1,09,사망자수
터널안,04시-06시,0,09,사망자수
터널안,06시-08시,0,09,사망자수
터널안,08시-10시,0,09,사망자수
터널안,10시-12시,2,09,사망자수
터널안,12시-14시,0,09,사망자수
터널안,14시-16시,0,09,사망자수
터널안,16시-18시,0,09,사망자수
터널안,18시-20시,0,09,사망자수
터널안,20시-22시,0,09,사망자수
터널안,22시-24시,0,09,사망자수
교량위,00시-02시,0,09,사망자수
교량위,02시-04시,0,09,사망자수
교량위,04시-06시,0,09,사망자수
교량위,06시-08시,0,09,사망자수
교량위,08시-10시,0,09,사망자수
교량위,10시-12시,0,09,사망자수
교량위,12시-14시,1,09,사망자수
교량위,14시-16시,3,09,사망자수
교량위,16시-18시,2,09,사망자수
교량위,18시-20시,1,09,사망자수
교량위,20시-22시,2,09,사망자수
교량위,22시-24시,0,09,사망자수
고가도로위,00시-02시,0,09,사망자수
고가도로위,02시-04시,0,09,사망자수
고가도로위,04시-06시,0,09,사망자수
고가도로위,06시-08시,0,09,사망자수
고가도로위,08시-10시,0,09,사망자수
고가도로위,10시-12시,0,09,사망자수
고가도로위,12시-14시,0,09,사망자수
고가도로위,14시-16시,0,09,사망자수
고가도로위,16시-18시,0,09,사망자수
고가도로위,18시-20시,0,09,사망자수
고가도로위,20시-22시,0,09,사망자수
고가도로위,22시-24시,0,09,사망자수
지하차도(도로)내,00시-02시,0,09,사망자수
지하차도(도로)내,02시-04시,0,09,사망자수
지하차도(도로)내,04시-06시,2,09,사망자수
지하차도(도로)내,06시-08시,1,09,사망자수
지하차도(도로)내,08시-10시,0,09,사망자수
지하차도(도로)내,10시-12시,1,09,사망자수
지하차도(도로)내,12시-14시,1,09,사망자수
지하차도(도로)내,14시-16시,1,09,사망자수
지하차도(도로)내,16시-18시,0,09,사망자수
지하차도(도로)내,18시-20시,0,09,사망자수
지하차도(도로)내,20시-22시,0,09,사망자수
지하차도(도로)내,22시-24시,0,09,사망자수
교차로내,00시-02시,5,09,사망자수
교차로내,02시-04시,1,09,사망자수
교차로내,04시-06시,5,09,사망자수
교차로내,06시-08시,1,09,사망자수
교차로내,08시-10시,2,09,사망자수
교차로내,10시-12시,10,09,사망자수
교차로내,12시-14시,8,09,사망자수
교차로내,14시-16시,3,09,사망자수
교차로내,16시-18시,7,09,사망자수
교차로내,18시-20시,6,09,사망자수
교차로내,20시-22시,2,09,사망자수
교차로내,22시-24시,5,09,사망자수
교차로횡단보도내,00시-02시,0,09,사망자수
교차로횡단보도내,02시-04시,1,09,사망자수
교차로횡단보도내,04시-06시,2,09,사망자수
교차로횡단보도내,06시-08시,0,09,사망자수
교차로횡단보도내,08시-10시,2,09,사망자수
교차로횡단보도내,10시-12시,1,09,사망자수
교차로횡단보도내,12시-14시,2,09,사망자수
교차로횡단보도내,14시-16시,1,09,사망자수
교차로횡단보도내,16시-18시,1,09,사망자수
교차로횡단보도내,18시-20시,0,09,사망자수
교차로횡단보도내,20시-22시,1,09,사망자수
교차로횡단보도내,22시-24시,1,09,사망자수
교차로부근,00시-02시,4,09,사망자수
교차로부근,02시-04시,0,09,사망자수
교차로부근,04시-06시,1,09,사망자수
교차로부근,06시-08시,1,09,사망자수
교차로부근,08시-10시,0,09,사망자수
교차로부근,10시-12시,0,09,사망자수
교차로부근,12시-14시,1,09,사망자수
교차로부근,14시-16시,3,09,사망자수
교차로부근,16시-18시,3,09,사망자수
교차로부근,18시-20시,4,09,사망자수
교차로부근,20시-22시,1,09,사망자수
교차로부근,22시-24시,0,09,사망자수
터널안,00시-02시,2,09,부상자수
터널안,02시-04시,0,09,부상자수
터널안,04시-06시,4,09,부상자수
터널안,06시-08시,10,09,부상자수
터널안,08시-10시,15,09,부상자수
터널안,10시-12시,21,09,부상자수
터널안,12시-14시,22,09,부상자수
터널안,14시-16시,22,09,부상자수
터널안,16시-18시,33,09,부상자수
터널안,18시-20시,29,09,부상자수
터널안,20시-22시,5,09,부상자수
터널안,22시-24시,7,09,부상자수
교량위,00시-02시,17,09,부상자수
교량위,02시-04시,6,09,부상자수
교량위,04시-06시,4,09,부상자수
교량위,06시-08시,9,09,부상자수
교량위,08시-10시,14,09,부상자수
교량위,10시-12시,24,09,부상자수
교량위,12시-14시,25,09,부상자수
교량위,14시-16시,19,09,부상자수
교량위,16시-18시,19,09,부상자수
교량위,18시-20시,41,09,부상자수
교량위,20시-22시,22,09,부상자수
교량위,22시-24시,28,09,부상자수
고가도로위,00시-02시,8,09,부상자수
고가도로위,02시-04시,2,09,부상자수
고가도로위,04시-06시,9,09,부상자수
고가도로위,06시-08시,3,09,부상자수
고가도로위,08시-10시,9,09,부상자수
고가도로위,10시-12시,11,09,부상자수
고가도로위,12시-14시,8,09,부상자수
고가도로위,14시-16시,8,09,부상자수
고가도로위,16시-18시,8,09,부상자수
고가도로위,18시-20시,25,09,부상자수
고가도로위,20시-22시,6,09,부상자수
고가도로위,22시-24시,9,09,부상자수
지하차도(도로)내,00시-02시,8,09,부상자수
지하차도(도로)내,02시-04시,3,09,부상자수
지하차도(도로)내,04시-06시,3,09,부상자수
지하차도(도로)내,06시-08시,10,09,부상자수
지하차도(도로)내,08시-10시,18,09,부상자수
지하차도(도로)내,10시-12시,21,09,부상자수
지하차도(도로)내,12시-14시,17,09,부상자수
지하차도(도로)내,14시-16시,30,09,부상자수
지하차도(도로)내,16시-18시,34,09,부상자수
지하차도(도로)내,18시-20시,39,09,부상자수
지하차도(도로)내,20시-22시,20,09,부상자수
지하차도(도로)내,22시-24시,15,09,부상자수
교차로내,00시-02시,238,09,부상자수
교차로내,02시-04시,98,09,부상자수
교차로내,04시-06시,180,09,부상자수
교차로내,06시-08시,368,09,부상자수
교차로내,08시-10시,769,09,부상자수
교차로내,10시-12시,843,09,부상자수
교차로내,12시-14시,900,09,부상자수
교차로내,14시-16시,948,09,부상자수
교차로내,16시-18시,1019,09,부상자수
교차로내,18시-20시,1007,09,부상자수
교차로내,20시-22시,683,09,부상자수
교차로내,22시-24시,501,09,부상자수
교차로횡단보도내,00시-02시,12,09,부상자수
교차로횡단보도내,02시-04시,4,09,부상자수
교차로횡단보도내,04시-06시,12,09,부상자수
교차로횡단보도내,06시-08시,25,09,부상자수
교차로횡단보도내,08시-10시,71,09,부상자수
교차로횡단보도내,10시-12시,55,09,부상자수
교차로횡단보도내,12시-14시,53,09,부상자수
교차로횡단보도내,14시-16시,73,09,부상자수
교차로횡단보도내,16시-18시,93,09,부상자수
교차로횡단보도내,18시-20시,144,09,부상자수
교차로횡단보도내,20시-22시,69,09,부상자수
교차로횡단보도내,22시-24시,50,09,부상자수
교차로부근,00시-02시,86,09,부상자수
교차로부근,02시-04시,35,09,부상자수
교차로부근,04시-06시,45,09,부상자수
교차로부근,06시-08시,153,09,부상자수
교차로부근,08시-10시,333,09,부상자수
교차로부근,10시-12시,374,09,부상자수
교차로부근,12시-14시,397,09,부상자수
교차로부근,14시-16시,468,09,부상자수
교차로부근,16시-18시,490,09,부상자수
교차로부근,18시-20시,467,09,부상자수
교차로부근,20시-22시,401,09,부상자수
교차로부근,22시-24시,342,09,부상자수
터널안,00시-02시,7,10,사고건수
터널안,02시-04시,3,10,사고건수
터널안,04시-06시,4,10,사고건수
터널안,06시-08시,5,10,사고건수
터널안,08시-10시,10,10,사고건수
터널안,10시-12시,7,10,사고건수
터널안,12시-14시,9,10,사고건수
터널안,14시-16시,7,10,사고건수
터널안,16시-18시,13,10,사고건수
터널안,18시-20시,10,10,사고건수
터널안,20시-22시,4,10,사고건수
터널안,22시-24시,10,10,사고건수
교량위,00시-02시,1,10,사고건수
교량위,02시-04시,4,10,사고건수
교량위,04시-06시,4,10,사고건수
교량위,06시-08시,10,10,사고건수
교량위,08시-10시,8,10,사고건수
교량위,10시-12시,9,10,사고건수
교량위,12시-14시,12,10,사고건수
교량위,14시-16시,17,10,사고건수
교량위,16시-18시,17,10,사고건수
교량위,18시-20시,27,10,사고건수
교량위,20시-22시,14,10,사고건수
교량위,22시-24시,10,10,사고건수
고가도로위,00시-02시,2,10,사고건수
고가도로위,02시-04시,0,10,사고건수
고가도로위,04시-06시,2,10,사고건수
고가도로위,06시-08시,3,10,사고건수
고가도로위,08시-10시,3,10,사고건수
고가도로위,10시-12시,10,10,사고건수
고가도로위,12시-14시,10,10,사고건수
고가도로위,14시-16시,3,10,사고건수
고가도로위,16시-18시,6,10,사고건수
고가도로위,18시-20시,6,10,사고건수
고가도로위,20시-22시,3,10,사고건수
고가도로위,22시-24시,3,10,사고건수
지하차도(도로)내,00시-02시,4,10,사고건수
지하차도(도로)내,02시-04시,3,10,사고건수
지하차도(도로)내,04시-06시,0,10,사고건수
지하차도(도로)내,06시-08시,12,10,사고건수
지하차도(도로)내,08시-10시,27,10,사고건수
지하차도(도로)내,10시-12시,15,10,사고건수
지하차도(도로)내,12시-14시,25,10,사고건수
지하차도(도로)내,14시-16시,17,10,사고건수
지하차도(도로)내,16시-18시,23,10,사고건수
지하차도(도로)내,18시-20시,35,10,사고건수
지하차도(도로)내,20시-22시,18,10,사고건수
지하차도(도로)내,22시-24시,15,10,사고건수
교차로내,00시-02시,165,10,사고건수
교차로내,02시-04시,54,10,사고건수
교차로내,04시-06시,126,10,사고건수
교차로내,06시-08시,291,10,사고건수
교차로내,08시-10시,578,10,사고건수
교차로내,10시-12시,598,10,사고건수
교차로내,12시-14시,614,10,사고건수
교차로내,14시-16시,637,10,사고건수
교차로내,16시-18시,675,10,사고건수
교차로내,18시-20시,901,10,사고건수
교차로내,20시-22시,450,10,사고건수
교차로내,22시-24시,383,10,사고건수
교차로횡단보도내,00시-02시,10,10,사고건수
교차로횡단보도내,02시-04시,2,10,사고건수
교차로횡단보도내,04시-06시,16,10,사고건수
교차로횡단보도내,06시-08시,32,10,사고건수
교차로횡단보도내,08시-10시,50,10,사고건수
교차로횡단보도내,10시-12시,56,10,사고건수
교차로횡단보도내,12시-14시,75,10,사고건수
교차로횡단보도내,14시-16시,70,10,사고건수
교차로횡단보도내,16시-18시,86,10,사고건수
교차로횡단보도내,18시-20시,118,10,사고건수
교차로횡단보도내,20시-22시,60,10,사고건수
교차로횡단보도내,22시-24시,40,10,사고건수
교차로부근,00시-02시,85,10,사고건수
교차로부근,02시-04시,30,10,사고건수
교차로부근,04시-06시,45,10,사고건수
교차로부근,06시-08시,144,10,사고건수
교차로부근,08시-10시,258,10,사고건수
교차로부근,10시-12시,251,10,사고건수
교차로부근,12시-14시,272,10,사고건수
교차로부근,14시-16시,292,10,사고건수
교차로부근,16시-18시,381,10,사고건수
교차로부근,18시-20시,446,10,사고건수
교차로부근,20시-22시,258,10,사고건수
교차로부근,22시-24시,288,10,사고건수
터널안,00시-02시,0,10,사망자수
터널안,02시-04시,0,10,사망자수
터널안,04시-06시,1,10,사망자수
터널안,06시-08시,0,10,사망자수
터널안,08시-10시,0,10,사망자수
터널안,10시-12시,0,10,사망자수
터널안,12시-14시,0,10,사망자수
터널안,14시-16시,0,10,사망자수
터널안,16시-18시,1,10,사망자수
터널안,18시-20시,0,10,사망자수
터널안,20시-22시,0,10,사망자수
터널안,22시-24시,0,10,사망자수
교량위,00시-02시,0,10,사망자수
교량위,02시-04시,0,10,사망자수
교량위,04시-06시,0,10,사망자수
교량위,06시-08시,0,10,사망자수
교량위,08시-10시,0,10,사망자수
교량위,10시-12시,0,10,사망자수
교량위,12시-14시,1,10,사망자수
교량위,14시-16시,2,10,사망자수
교량위,16시-18시,0,10,사망자수
교량위,18시-20시,1,10,사망자수
교량위,20시-22시,0,10,사망자수
교량위,22시-24시,0,10,사망자수
고가도로위,00시-02시,0,10,사망자수
고가도로위,02시-04시,0,10,사망자수
고가도로위,04시-06시,0,10,사망자수
고가도로위,06시-08시,0,10,사망자수
고가도로위,08시-10시,0,10,사망자수
고가도로위,10시-12시,0,10,사망자수
고가도로위,12시-14시,0,10,사망자수
고가도로위,14시-16시,0,10,사망자수
고가도로위,16시-18시,0,10,사망자수
고가도로위,18시-20시,0,10,사망자수
고가도로위,20시-22시,0,10,사망자수
고가도로위,22시-24시,0,10,사망자수
지하차도(도로)내,00시-02시,0,10,사망자수
지하차도(도로)내,02시-04시,0,10,사망자수
지하차도(도로)내,04시-06시,0,10,사망자수
지하차도(도로)내,06시-08시,0,10,사망자수
지하차도(도로)내,08시-10시,1,10,사망자수
지하차도(도로)내,10시-12시,1,10,사망자수
지하차도(도로)내,12시-14시,1,10,사망자수
지하차도(도로)내,14시-16시,0,10,사망자수
지하차도(도로)내,16시-18시,0,10,사망자수
지하차도(도로)내,18시-20시,1,10,사망자수
지하차도(도로)내,20시-22시,1,10,사망자수
지하차도(도로)내,22시-24시,1,10,사망자수
교차로내,00시-02시,2,10,사망자수
교차로내,02시-04시,3,10,사망자수
교차로내,04시-06시,3,10,사망자수
교차로내,06시-08시,7,10,사망자수
교차로내,08시-10시,5,10,사망자수
교차로내,10시-12시,3,10,사망자수
교차로내,12시-14시,7,10,사망자수
교차로내,14시-16시,5,10,사망자수
교차로내,16시-18시,8,10,사망자수
교차로내,18시-20시,4,10,사망자수
교차로내,20시-22시,5,10,사망자수
교차로내,22시-24시,6,10,사망자수
교차로횡단보도내,00시-02시,2,10,사망자수
교차로횡단보도내,02시-04시,1,10,사망자수
교차로횡단보도내,04시-06시,0,10,사망자수
교차로횡단보도내,06시-08시,1,10,사망자수
교차로횡단보도내,08시-10시,1,10,사망자수
교차로횡단보도내,10시-12시,2,10,사망자수
교차로횡단보도내,12시-14시,0,10,사망자수
교차로횡단보도내,14시-16시,2,10,사망자수
교차로횡단보도내,16시-18시,1,10,사망자수
교차로횡단보도내,18시-20시,2,10,사망자수
교차로횡단보도내,20시-22시,2,10,사망자수
교차로횡단보도내,22시-24시,2,10,사망자수
교차로부근,00시-02시,1,10,사망자수
교차로부근,02시-04시,1,10,사망자수
교차로부근,04시-06시,4,10,사망자수
교차로부근,06시-08시,3,10,사망자수
교차로부근,08시-10시,1,10,사망자수
교차로부근,10시-12시,2,10,사망자수
교차로부근,12시-14시,4,10,사망자수
교차로부근,14시-16시,1,10,사망자수
교차로부근,16시-18시,0,10,사망자수
교차로부근,18시-20시,9,10,사망자수
교차로부근,20시-22시,4,10,사망자수
교차로부근,22시-24시,5,10,사망자수
터널안,00시-02시,11,10,부상자수
터널안,02시-04시,4,10,부상자수
터널안,04시-06시,3,10,부상자수
터널안,06시-08시,8,10,부상자수
터널안,08시-10시,12,10,부상자수
터널안,10시-12시,15,10,부상자수
터널안,12시-14시,17,10,부상자수
터널안,14시-16시,12,10,부상자수
터널안,16시-18시,32,10,부상자수
터널안,18시-20시,11,10,부상자수
터널안,20시-22시,6,10,부상자수
터널안,22시-24시,13,10,부상자수
교량위,00시-02시,4,10,부상자수
교량위,02시-04시,9,10,부상자수
교량위,04시-06시,4,10,부상자수
교량위,06시-08시,19,10,부상자수
교량위,08시-10시,12,10,부상자수
교량위,10시-12시,17,10,부상자수
교량위,12시-14시,14,10,부상자수
교량위,14시-16시,27,10,부상자수
교량위,16시-18시,26,10,부상자수
교량위,18시-20시,50,10,부상자수
교량위,20시-22시,21,10,부상자수
교량위,22시-24시,15,10,부상자수
고가도로위,00시-02시,3,10,부상자수
고가도로위,02시-04시,0,10,부상자수
고가도로위,04시-06시,2,10,부상자수
고가도로위,06시-08시,4,10,부상자수
고가도로위,08시-10시,4,10,부상자수
고가도로위,10시-12시,17,10,부상자수
고가도로위,12시-14시,18,10,부상자수
고가도로위,14시-16시,3,10,부상자수
고가도로위,16시-18시,8,10,부상자수
고가도로위,18시-20시,21,10,부상자수
고가도로위,20시-22시,5,10,부상자수
고가도로위,22시-24시,4,10,부상자수
지하차도(도로)내,00시-02시,5,10,부상자수
지하차도(도로)내,02시-04시,3,10,부상자수
지하차도(도로)내,04시-06시,0,10,부상자수
지하차도(도로)내,06시-08시,13,10,부상자수
지하차도(도로)내,08시-10시,35,10,부상자수
지하차도(도로)내,10시-12시,37,10,부상자수
지하차도(도로)내,12시-14시,36,10,부상자수
지하차도(도로)내,14시-16시,27,10,부상자수
지하차도(도로)내,16시-18시,41,10,부상자수
지하차도(도로)내,18시-20시,47,10,부상자수
지하차도(도로)내,20시-22시,24,10,부상자수
지하차도(도로)내,22시-24시,18,10,부상자수
교차로내,00시-02시,268,10,부상자수
교차로내,02시-04시,85,10,부상자수
교차로내,04시-06시,180,10,부상자수
교차로내,06시-08시,390,10,부상자수
교차로내,08시-10시,859,10,부상자수
교차로내,10시-12시,848,10,부상자수
교차로내,12시-14시,925,10,부상자수
교차로내,14시-16시,969,10,부상자수
교차로내,16시-18시,985,10,부상자수
교차로내,18시-20시,1307,10,부상자수
교차로내,20시-22시,678,10,부상자수
교차로내,22시-24시,580,10,부상자수
교차로횡단보도내,00시-02시,10,10,부상자수
교차로횡단보도내,02시-04시,1,10,부상자수
교차로횡단보도내,04시-06시,17,10,부상자수
교차로횡단보도내,06시-08시,33,10,부상자수
교차로횡단보도내,08시-10시,50,10,부상자수
교차로횡단보도내,10시-12시,56,10,부상자수
교차로횡단보도내,12시-14시,89,10,부상자수
교차로횡단보도내,14시-16시,73,10,부상자수
교차로횡단보도내,16시-18시,101,10,부상자수
교차로횡단보도내,18시-20시,127,10,부상자수
교차로횡단보도내,20시-22시,65,10,부상자수
교차로횡단보도내,22시-24시,46,10,부상자수
교차로부근,00시-02시,121,10,부상자수
교차로부근,02시-04시,41,10,부상자수
교차로부근,04시-06시,58,10,부상자수
교차로부근,06시-08시,176,10,부상자수
교차로부근,08시-10시,347,10,부상자수
교차로부근,10시-12시,381,10,부상자수
교차로부근,12시-14시,404,10,부상자수
교차로부근,14시-16시,430,10,부상자수
교차로부근,16시-18시,548,10,부상자수
교차로부근,18시-20시,659,10,부상자수
교차로부근,20시-22시,394,10,부상자수
교차로부근,22시-24시,454,10,부상자수
터널안,00시-02시,4,11,사고건수
터널안,02시-04시,1,11,사고건수
터널안,04시-06시,4,11,사고건수
터널안,06시-08시,6,11,사고건수
터널안,08시-10시,6,11,사고건수
터널안,10시-12시,7,11,사고건수
터널안,12시-14시,7,11,사고건수
터널안,14시-16시,9,11,사고건수
터널안,16시-18시,7,11,사고건수
터널안,18시-20시,9,11,사고건수
터널안,20시-22시,6,11,사고건수
터널안,22시-24시,3,11,사고건수
교량위,00시-02시,2,11,사고건수
교량위,02시-04시,2,11,사고건수
교량위,04시-06시,3,11,사고건수
교량위,06시-08시,15,11,사고건수
교량위,08시-10시,15,11,사고건수
교량위,10시-12시,11,11,사고건수
교량위,12시-14시,7,11,사고건수
교량위,14시-16시,17,11,사고건수
교량위,16시-18시,31,11,사고건수
교량위,18시-20시,16,11,사고건수
교량위,20시-22시,5,11,사고건수
교량위,22시-24시,6,11,사고건수
고가도로위,00시-02시,2,11,사고건수
고가도로위,02시-04시,3,11,사고건수
고가도로위,04시-06시,2,11,사고건수
고가도로위,06시-08시,8,11,사고건수
고가도로위,08시-10시,5,11,사고건수
고가도로위,10시-12시,10,11,사고건수
고가도로위,12시-14시,7,11,사고건수
고가도로위,14시-16시,5,11,사고건수
고가도로위,16시-18시,5,11,사고건수
고가도로위,18시-20시,12,11,사고건수
고가도로위,20시-22시,5,11,사고건수
고가도로위,22시-24시,3,11,사고건수
지하차도(도로)내,00시-02시,5,11,사고건수
지하차도(도로)내,02시-04시,6,11,사고건수
지하차도(도로)내,04시-06시,2,11,사고건수
지하차도(도로)내,06시-08시,6,11,사고건수
지하차도(도로)내,08시-10시,17,11,사고건수
지하차도(도로)내,10시-12시,21,11,사고건수
지하차도(도로)내,12시-14시,20,11,사고건수
지하차도(도로)내,14시-16시,18,11,사고건수
지하차도(도로)내,16시-18시,15,11,사고건수
지하차도(도로)내,18시-20시,18,11,사고건수
지하차도(도로)내,20시-22시,13,11,사고건수
지하차도(도로)내,22시-24시,11,11,사고건수
교차로내,00시-02시,216,11,사고건수
교차로내,02시-04시,95,11,사고건수
교차로내,04시-06시,129,11,사고건수
교차로내,06시-08시,320,11,사고건수
교차로내,08시-10시,591,11,사고건수
교차로내,10시-12시,567,11,사고건수
교차로내,12시-14시,609,11,사고건수
교차로내,14시-16시,581,11,사고건수
교차로내,16시-18시,751,11,사고건수
교차로내,18시-20시,912,11,사고건수
교차로내,20시-22시,455,11,사고건수
교차로내,22시-24시,335,11,사고건수
교차로횡단보도내,00시-02시,19,11,사고건수
교차로횡단보도내,02시-04시,6,11,사고건수
교차로횡단보도내,04시-06시,15,11,사고건수
교차로횡단보도내,06시-08시,64,11,사고건수
교차로횡단보도내,08시-10시,64,11,사고건수
교차로횡단보도내,10시-12시,59,11,사고건수
교차로횡단보도내,12시-14시,53,11,사고건수
교차로횡단보도내,14시-16시,55,11,사고건수
교차로횡단보도내,16시-18시,78,11,사고건수
교차로횡단보도내,18시-20시,126,11,사고건수
교차로횡단보도내,20시-22시,62,11,사고건수
교차로횡단보도내,22시-24시,39,11,사고건수
교차로부근,00시-02시,130,11,사고건수
교차로부근,02시-04시,60,11,사고건수
교차로부근,04시-06시,51,11,사고건수
교차로부근,06시-08시,163,11,사고건수
교차로부근,08시-10시,259,11,사고건수
교차로부근,10시-12시,263,11,사고건수
교차로부근,12시-14시,262,11,사고건수
교차로부근,14시-16시,304,11,사고건수
교차로부근,16시-18시,356,11,사고건수
교차로부근,18시-20시,401,11,사고건수
교차로부근,20시-22시,257,11,사고건수
교차로부근,22시-24시,214,11,사고건수
터널안,00시-02시,2,11,사망자수
터널안,02시-04시,0,11,사망자수
터널안,04시-06시,0,11,사망자수
터널안,06시-08시,1,11,사망자수
터널안,08시-10시,0,11,사망자수
터널안,10시-12시,0,11,사망자수
터널안,12시-14시,0,11,사망자수
터널안,14시-16시,1,11,사망자수
터널안,16시-18시,0,11,사망자수
터널안,18시-20시,0,11,사망자수
터널안,20시-22시,0,11,사망자수
터널안,22시-24시,0,11,사망자수
교량위,00시-02시,0,11,사망자수
교량위,02시-04시,1,11,사망자수
교량위,04시-06시,1,11,사망자수
교량위,06시-08시,0,11,사망자수
교량위,08시-10시,0,11,사망자수
교량위,10시-12시,0,11,사망자수
교량위,12시-14시,0,11,사망자수
교량위,14시-16시,1,11,사망자수
교량위,16시-18시,0,11,사망자수
교량위,18시-20시,0,11,사망자수
교량위,20시-22시,0,11,사망자수
교량위,22시-24시,0,11,사망자수
고가도로위,00시-02시,0,11,사망자수
고가도로위,02시-04시,1,11,사망자수
고가도로위,04시-06시,1,11,사망자수
고가도로위,06시-08시,0,11,사망자수
고가도로위,08시-10시,0,11,사망자수
고가도로위,10시-12시,1,11,사망자수
고가도로위,12시-14시,0,11,사망자수
고가도로위,14시-16시,0,11,사망자수
고가도로위,16시-18시,0,11,사망자수
고가도로위,18시-20시,0,11,사망자수
고가도로위,20시-22시,0,11,사망자수
고가도로위,22시-24시,0,11,사망자수
지하차도(도로)내,00시-02시,0,11,사망자수
지하차도(도로)내,02시-04시,1,11,사망자수
지하차도(도로)내,04시-06시,1,11,사망자수
지하차도(도로)내,06시-08시,1,11,사망자수
지하차도(도로)내,08시-10시,0,11,사망자수
지하차도(도로)내,10시-12시,2,11,사망자수
지하차도(도로)내,12시-14시,3,11,사망자수
지하차도(도로)내,14시-16시,0,11,사망자수
지하차도(도로)내,16시-18시,0,11,사망자수
지하차도(도로)내,18시-20시,0,11,사망자수
지하차도(도로)내,20시-22시,0,11,사망자수
지하차도(도로)내,22시-24시,0,11,사망자수
교차로내,00시-02시,3,11,사망자수
교차로내,02시-04시,0,11,사망자수
교차로내,04시-06시,1,11,사망자수
교차로내,06시-08시,9,11,사망자수
교차로내,08시-10시,3,11,사망자수
교차로내,10시-12시,7,11,사망자수
교차로내,12시-14시,6,11,사망자수
교차로내,14시-16시,7,11,사망자수
교차로내,16시-18시,8,11,사망자수
교차로내,18시-20시,6,11,사망자수
교차로내,20시-22시,2,11,사망자수
교차로내,22시-24시,0,11,사망자수
교차로횡단보도내,00시-02시,0,11,사망자수
교차로횡단보도내,02시-04시,0,11,사망자수
교차로횡단보도내,04시-06시,3,11,사망자수
교차로횡단보도내,06시-08시,3,11,사망자수
교차로횡단보도내,08시-10시,0,11,사망자수
교차로횡단보도내,10시-12시,0,11,사망자수
교차로횡단보도내,12시-14시,1,11,사망자수
교차로횡단보도내,14시-16시,1,11,사망자수
교차로횡단보도내,16시-18시,1,11,사망자수
교차로횡단보도내,18시-20시,1,11,사망자수
교차로횡단보도내,20시-22시,1,11,사망자수
교차로횡단보도내,22시-24시,2,11,사망자수
교차로부근,00시-02시,1,11,사망자수
교차로부근,02시-04시,0,11,사망자수
교차로부근,04시-06시,1,11,사망자수
교차로부근,06시-08시,1,11,사망자수
교차로부근,08시-10시,2,11,사망자수
교차로부근,10시-12시,0,11,사망자수
교차로부근,12시-14시,1,11,사망자수
교차로부근,14시-16시,6,11,사망자수
교차로부근,16시-18시,2,11,사망자수
교차로부근,18시-20시,3,11,사망자수
교차로부근,20시-22시,2,11,사망자수
교차로부근,22시-24시,2,11,사망자수
터널안,00시-02시,4,11,부상자수
터널안,02시-04시,1,11,부상자수
터널안,04시-06시,4,11,부상자수
터널안,06시-08시,7,11,부상자수
터널안,08시-10시,10,11,부상자수
터널안,10시-12시,19,11,부상자수
터널안,12시-14시,13,11,부상자수
터널안,14시-16시,17,11,부상자수
터널안,16시-18시,15,11,부상자수
터널안,18시-20시,13,11,부상자수
터널안,20시-22시,7,11,부상자수
터널안,22시-24시,7,11,부상자수
교량위,00시-02시,3,11,부상자수
교량위,02시-04시,1,11,부상자수
교량위,04시-06시,2,11,부상자수
교량위,06시-08시,22,11,부상자수
교량위,08시-10시,22,11,부상자수
교량위,10시-12시,24,11,부상자수
교량위,12시-14시,15,11,부상자수
교량위,14시-16시,31,11,부상자수
교량위,16시-18시,46,11,부상자수
교량위,18시-20시,31,11,부상자수
교량위,20시-22시,5,11,부상자수
교량위,22시-24시,7,11,부상자수
고가도로위,00시-02시,3,11,부상자수
고가도로위,02시-04시,2,11,부상자수
고가도로위,04시-06시,1,11,부상자수
고가도로위,06시-08시,20,11,부상자수
고가도로위,08시-10시,6,11,부상자수
고가도로위,10시-12시,21,11,부상자수
고가도로위,12시-14시,13,11,부상자수
고가도로위,14시-16시,13,11,부상자수
고가도로위,16시-18시,10,11,부상자수
고가도로위,18시-20시,20,11,부상자수
고가도로위,20시-22시,7,11,부상자수
고가도로위,22시-24시,4,11,부상자수
지하차도(도로)내,00시-02시,5,11,부상자수
지하차도(도로)내,02시-04시,7,11,부상자수
지하차도(도로)내,04시-06시,1,11,부상자수
지하차도(도로)내,06시-08시,5,11,부상자수
지하차도(도로)내,08시-10시,23,11,부상자수
지하차도(도로)내,10시-12시,28,11,부상자수
지하차도(도로)내,12시-14시,25,11,부상자수
지하차도(도로)내,14시-16시,23,11,부상자수
지하차도(도로)내,16시-18시,22,11,부상자수
지하차도(도로)내,18시-20시,38,11,부상자수
지하차도(도로)내,20시-22시,16,11,부상자수
지하차도(도로)내,22시-24시,17,11,부상자수
교차로내,00시-02시,339,11,부상자수
교차로내,02시-04시,146,11,부상자수
교차로내,04시-06시,177,11,부상자수
교차로내,06시-08시,460,11,부상자수
교차로내,08시-10시,879,11,부상자수
교차로내,10시-12시,776,11,부상자수
교차로내,12시-14시,916,11,부상자수
교차로내,14시-16시,851,11,부상자수
교차로내,16시-18시,1106,11,부상자수
교차로내,18시-20시,1290,11,부상자수
교차로내,20시-22시,658,11,부상자수
교차로내,22시-24시,514,11,부상자수
교차로횡단보도내,00시-02시,21,11,부상자수
교차로횡단보도내,02시-04시,6,11,부상자수
교차로횡단보도내,04시-06시,13,11,부상자수
교차로횡단보도내,06시-08시,66,11,부상자수
교차로횡단보도내,08시-10시,68,11,부상자수
교차로횡단보도내,10시-12시,65,11,부상자수
교차로횡단보도내,12시-14시,62,11,부상자수
교차로횡단보도내,14시-16시,70,11,부상자수
교차로횡단보도내,16시-18시,87,11,부상자수
교차로횡단보도내,18시-20시,134,11,부상자수
교차로횡단보도내,20시-22시,64,11,부상자수
교차로횡단보도내,22시-24시,45,11,부상자수
교차로부근,00시-02시,208,11,부상자수
교차로부근,02시-04시,96,11,부상자수
교차로부근,04시-06시,64,11,부상자수
교차로부근,06시-08시,234,11,부상자수
교차로부근,08시-10시,335,11,부상자수
교차로부근,10시-12시,382,11,부상자수
교차로부근,12시-14시,391,11,부상자수
교차로부근,14시-16시,436,11,부상자수
교차로부근,16시-18시,507,11,부상자수
교차로부근,18시-20시,552,11,부상자수
교차로부근,20시-22시,406,11,부상자수
교차로부근,22시-24시,329,11,부상자수
터널안,00시-02시,2,12,사고건수
터널안,02시-04시,3,12,사고건수
터널안,04시-06시,2,12,사고건수
터널안,06시-08시,5,12,사고건수
터널안,08시-10시,6,12,사고건수
터널안,10시-12시,10,12,사고건수
터널안,12시-14시,8,12,사고건수
터널안,14시-16시,9,12,사고건수
터널안,16시-18시,16,12,사고건수
터널안,18시-20시,11,12,사고건수
터널안,20시-22시,3,12,사고건수
터널안,22시-24시,1,12,사고건수
교량위,00시-02시,6,12,사고건수
교량위,02시-04시,2,12,사고건수
교량위,04시-06시,4,12,사고건수
교량위,06시-08시,31,12,사고건수
교량위,08시-10시,16,12,사고건수
교량위,10시-12시,8,12,사고건수
교량위,12시-14시,7,12,사고건수
교량위,14시-16시,18,12,사고건수
교량위,16시-18시,17,12,사고건수
교량위,18시-20시,21,12,사고건수
교량위,20시-22시,15,12,사고건수
교량위,22시-24시,9,12,사고건수
고가도로위,00시-02시,3,12,사고건수
고가도로위,02시-04시,0,12,사고건수
고가도로위,04시-06시,5,12,사고건수
고가도로위,06시-08시,4,12,사고건수
고가도로위,08시-10시,7,12,사고건수
고가도로위,10시-12시,7,12,사고건수
고가도로위,12시-14시,7,12,사고건수
고가도로위,14시-16시,6,12,사고건수
고가도로위,16시-18시,7,12,사고건수
고가도로위,18시-20시,13,12,사고건수
고가도로위,20시-22시,5,12,사고건수
고가도로위,22시-24시,5,12,사고건수
지하차도(도로)내,00시-02시,6,12,사고건수
지하차도(도로)내,02시-04시,2,12,사고건수
지하차도(도로)내,04시-06시,3,12,사고건수
지하차도(도로)내,06시-08시,8,12,사고건수
지하차도(도로)내,08시-10시,13,12,사고건수
지하차도(도로)내,10시-12시,12,12,사고건수
지하차도(도로)내,12시-14시,12,12,사고건수
지하차도(도로)내,14시-16시,17,12,사고건수
지하차도(도로)내,16시-18시,16,12,사고건수
지하차도(도로)내,18시-20시,25,12,사고건수
지하차도(도로)내,20시-22시,14,12,사고건수
지하차도(도로)내,22시-24시,7,12,사고건수
교차로내,00시-02시,167,12,사고건수
교차로내,02시-04시,50,12,사고건수
교차로내,04시-06시,94,12,사고건수
교차로내,06시-08시,354,12,사고건수
교차로내,08시-10시,518,12,사고건수
교차로내,10시-12시,499,12,사고건수
교차로내,12시-14시,601,12,사고건수
교차로내,14시-16시,586,12,사고건수
교차로내,16시-18시,679,12,사고건수
교차로내,18시-20시,831,12,사고건수
교차로내,20시-22시,477,12,사고건수
교차로내,22시-24시,294,12,사고건수
교차로횡단보도내,00시-02시,18,12,사고건수
교차로횡단보도내,02시-04시,5,12,사고건수
교차로횡단보도내,04시-06시,12,12,사고건수
교차로횡단보도내,06시-08시,46,12,사고건수
교차로횡단보도내,08시-10시,74,12,사고건수
교차로횡단보도내,10시-12시,43,12,사고건수
교차로횡단보도내,12시-14시,44,12,사고건수
교차로횡단보도내,14시-16시,57,12,사고건수
교차로횡단보도내,16시-18시,64,12,사고건수
교차로횡단보도내,18시-20시,129,12,사고건수
교차로횡단보도내,20시-22시,60,12,사고건수
교차로횡단보도내,22시-24시,31,12,사고건수
교차로부근,00시-02시,86,12,사고건수
교차로부근,02시-04시,41,12,사고건수
교차로부근,04시-06시,56,12,사고건수
교차로부근,06시-08시,142,12,사고건수
교차로부근,08시-10시,204,12,사고건수
교차로부근,10시-12시,243,12,사고건수
교차로부근,12시-14시,250,12,사고건수
교차로부근,14시-16시,265,12,사고건수
교차로부근,16시-18시,313,12,사고건수
교차로부근,18시-20시,421,12,사고건수
교차로부근,20시-22시,300,12,사고건수
교차로부근,22시-24시,208,12,사고건수
터널안,00시-02시,1,12,사망자수
터널안,02시-04시,0,12,사망자수
터널안,04시-06시,0,12,사망자수
터널안,06시-08시,0,12,사망자수
터널안,08시-10시,0,12,사망자수
터널안,10시-12시,0,12,사망자수
터널안,12시-14시,0,12,사망자수
터널안,14시-16시,0,12,사망자수
터널안,16시-18시,0,12,사망자수
터널안,18시-20시,1,12,사망자수
터널안,20시-22시,0,12,사망자수
터널안,22시-24시,1,12,사망자수
교량위,00시-02시,0,12,사망자수
교량위,02시-04시,1,12,사망자수
교량위,04시-06시,0,12,사망자수
교량위,06시-08시,1,12,사망자수
교량위,08시-10시,1,12,사망자수
교량위,10시-12시,0,12,사망자수
교량위,12시-14시,0,12,사망자수
교량위,14시-16시,0,12,사망자수
교량위,16시-18시,0,12,사망자수
교량위,18시-20시,1,12,사망자수
교량위,20시-22시,0,12,사망자수
교량위,22시-24시,1,12,사망자수
고가도로위,00시-02시,0,12,사망자수
고가도로위,02시-04시,0,12,사망자수
고가도로위,04시-06시,0,12,사망자수
고가도로위,06시-08시,0,12,사망자수
고가도로위,08시-10시,0,12,사망자수
고가도로위,10시-12시,0,12,사망자수
고가도로위,12시-14시,0,12,사망자수
고가도로위,14시-16시,0,12,사망자수
고가도로위,16시-18시,0,12,사망자수
고가도로위,18시-20시,0,12,사망자수
고가도로위,20시-22시,0,12,사망자수
고가도로위,22시-24시,0,12,사망자수
지하차도(도로)내,00시-02시,0,12,사망자수
지하차도(도로)내,02시-04시,0,12,사망자수
지하차도(도로)내,04시-06시,0,12,사망자수
지하차도(도로)내,06시-08시,0,12,사망자수
지하차도(도로)내,08시-10시,0,12,사망자수
지하차도(도로)내,10시-12시,0,12,사망자수
지하차도(도로)내,12시-14시,0,12,사망자수
지하차도(도로)내,14시-16시,0,12,사망자수
지하차도(도로)내,16시-18시,0,12,사망자수
지하차도(도로)내,18시-20시,2,12,사망자수
지하차도(도로)내,20시-22시,1,12,사망자수
지하차도(도로)내,22시-24시,1,12,사망자수
교차로내,00시-02시,3,12,사망자수
교차로내,02시-04시,1,12,사망자수
교차로내,04시-06시,1,12,사망자수
교차로내,06시-08시,6,12,사망자수
교차로내,08시-10시,4,12,사망자수
교차로내,10시-12시,5,12,사망자수
교차로내,12시-14시,9,12,사망자수
교차로내,14시-16시,3,12,사망자수
교차로내,16시-18시,5,12,사망자수
교차로내,18시-20시,9,12,사망자수
교차로내,20시-22시,2,12,사망자수
교차로내,22시-24시,4,12,사망자수
교차로횡단보도내,00시-02시,0,12,사망자수
교차로횡단보도내,02시-04시,0,12,사망자수
교차로횡단보도내,04시-06시,1,12,사망자수
교차로횡단보도내,06시-08시,1,12,사망자수
교차로횡단보도내,08시-10시,2,12,사망자수
교차로횡단보도내,10시-12시,1,12,사망자수
교차로횡단보도내,12시-14시,1,12,사망자수
교차로횡단보도내,14시-16시,1,12,사망자수
교차로횡단보도내,16시-18시,1,12,사망자수
교차로횡단보도내,18시-20시,2,12,사망자수
교차로횡단보도내,20시-22시,0,12,사망자수
교차로횡단보도내,22시-24시,0,12,사망자수
교차로부근,00시-02시,1,12,사망자수
교차로부근,02시-04시,0,12,사망자수
교차로부근,04시-06시,1,12,사망자수
교차로부근,06시-08시,1,12,사망자수
교차로부근,08시-10시,2,12,사망자수
교차로부근,10시-12시,8,12,사망자수
교차로부근,12시-14시,0,12,사망자수
교차로부근,14시-16시,1,12,사망자수
교차로부근,16시-18시,2,12,사망자수
교차로부근,18시-20시,4,12,사망자수
교차로부근,20시-22시,1,12,사망자수
교차로부근,22시-24시,0,12,사망자수
터널안,00시-02시,3,12,부상자수
터널안,02시-04시,4,12,부상자수
터널안,04시-06시,2,12,부상자수
터널안,06시-08시,5,12,부상자수
터널안,08시-10시,8,12,부상자수
터널안,10시-12시,18,12,부상자수
터널안,12시-14시,15,12,부상자수
터널안,14시-16시,29,12,부상자수
터널안,16시-18시,28,12,부상자수
터널안,18시-20시,14,12,부상자수
터널안,20시-22시,4,12,부상자수
터널안,22시-24시,1,12,부상자수
교량위,00시-02시,10,12,부상자수
교량위,02시-04시,3,12,부상자수
교량위,04시-06시,4,12,부상자수
교량위,06시-08시,59,12,부상자수
교량위,08시-10시,27,12,부상자수
교량위,10시-12시,13,12,부상자수
교량위,12시-14시,14,12,부상자수
교량위,14시-16시,31,12,부상자수
교량위,16시-18시,29,12,부상자수
교량위,18시-20시,33,12,부상자수
교량위,20시-22시,29,12,부상자수
교량위,22시-24시,12,12,부상자수
고가도로위,00시-02시,6,12,부상자수
고가도로위,02시-04시,0,12,부상자수
고가도로위,04시-06시,8,12,부상자수
고가도로위,06시-08시,6,12,부상자수
고가도로위,08시-10시,9,12,부상자수
고가도로위,10시-12시,8,12,부상자수
고가도로위,12시-14시,22,12,부상자수
고가도로위,14시-16시,10,12,부상자수
고가도로위,16시-18시,10,12,부상자수
고가도로위,18시-20시,23,12,부상자수
고가도로위,20시-22시,12,12,부상자수
고가도로위,22시-24시,10,12,부상자수
지하차도(도로)내,00시-02시,7,12,부상자수
지하차도(도로)내,02시-04시,2,12,부상자수
지하차도(도로)내,04시-06시,9,12,부상자수
지하차도(도로)내,06시-08시,11,12,부상자수
지하차도(도로)내,08시-10시,21,12,부상자수
지하차도(도로)내,10시-12시,18,12,부상자수
지하차도(도로)내,12시-14시,13,12,부상자수
지하차도(도로)내,14시-16시,26,12,부상자수
지하차도(도로)내,16시-18시,19,12,부상자수
지하차도(도로)내,18시-20시,31,12,부상자수
지하차도(도로)내,20시-22시,24,12,부상자수
지하차도(도로)내,22시-24시,7,12,부상자수
교차로내,00시-02시,258,12,부상자수
교차로내,02시-04시,77,12,부상자수
교차로내,04시-06시,124,12,부상자수
교차로내,06시-08시,477,12,부상자수
교차로내,08시-10시,750,12,부상자수
교차로내,10시-12시,673,12,부상자수
교차로내,12시-14시,874,12,부상자수
교차로내,14시-16시,848,12,부상자수
교차로내,16시-18시,951,12,부상자수
교차로내,18시-20시,1134,12,부상자수
교차로내,20시-22시,691,12,부상자수
교차로내,22시-24시,445,12,부상자수
교차로횡단보도내,00시-02시,19,12,부상자수
교차로횡단보도내,02시-04시,6,12,부상자수
교차로횡단보도내,04시-06시,11,12,부상자수
교차로횡단보도내,06시-08시,47,12,부상자수
교차로횡단보도내,08시-10시,74,12,부상자수
교차로횡단보도내,10시-12시,45,12,부상자수
교차로횡단보도내,12시-14시,49,12,부상자수
교차로횡단보도내,14시-16시,62,12,부상자수
교차로횡단보도내,16시-18시,72,12,부상자수
교차로횡단보도내,18시-20시,138,12,부상자수
교차로횡단보도내,20시-22시,69,12,부상자수
교차로횡단보도내,22시-24시,34,12,부상자수
교차로부근,00시-02시,130,12,부상자수
교차로부근,02시-04시,58,12,부상자수
교차로부근,04시-06시,83,12,부상자수
교차로부근,06시-08시,194,12,부상자수
교차로부근,08시-10시,277,12,부상자수
교차로부근,10시-12시,368,12,부상자수
교차로부근,12시-14시,358,12,부상자수
교차로부근,14시-16시,389,12,부상자수
교차로부근,16시-18시,452,12,부상자수
교차로부근,18시-20시,575,12,부상자수
교차로부근,20시-22시,444,12,부상자수
교차로부근,22시-24시,316,12,부상자수
