,법규위반유형,유형,주야,월,사고수
0,과속,사고건수,주,01,37
1,과속,사망자수,주,01,2
2,과속,부상자수,주,01,88
3,과속,사고건수,주,02,55
4,과속,사망자수,주,02,11
5,과속,부상자수,주,02,110
6,과속,사고건수,주,03,55
7,과속,사망자수,주,03,6
8,과속,부상자수,주,03,103
9,과속,사고건수,주,04,54
10,과속,사망자수,주,04,7
11,과속,부상자수,주,04,111
12,과속,사고건수,주,05,57
13,과속,사망자수,주,05,8
14,과속,부상자수,주,05,109
15,과속,사고건수,주,06,37
16,과속,사망자수,주,06,4
17,과속,부상자수,주,06,69
18,과속,사고건수,주,07,65
19,과속,사망자수,주,07,2
20,과속,부상자수,주,07,152
21,과속,사고건수,주,08,55
22,과속,사망자수,주,08,8
23,과속,부상자수,주,08,114
24,과속,사고건수,주,09,64
25,과속,사망자수,주,09,7
26,과속,부상자수,주,09,120
27,과속,사고건수,주,10,52
28,과속,사망자수,주,10,6
29,과속,부상자수,주,10,76
30,과속,사고건수,주,11,65
31,과속,사망자수,주,11,13
32,과속,부상자수,주,11,87
33,과속,사고건수,주,12,43
34,과속,사망자수,주,12,10
35,과속,부상자수,주,12,83
36,과속,사고건수,야,01,43
37,과속,사망자수,야,01,6
38,과속,부상자수,야,01,65
39,과속,사고건수,야,02,52
40,과속,사망자수,야,02,14
41,과속,부상자수,야,02,78
42,과속,사고건수,야,03,51
43,과속,사망자수,야,03,12
44,과속,부상자수,야,03,71
45,과속,사고건수,야,04,75
46,과속,사망자수,야,04,16
47,과속,부상자수,야,04,149
48,과속,사고건수,야,05,66
49,과속,사망자수,야,05,15
50,과속,부상자수,야,05,106
51,과속,사고건수,야,06,67
52,과속,사망자수,야,06,15
53,과속,부상자수,야,06,99
54,과속,사고건수,야,07,63
55,과속,사망자수,야,07,12
56,과속,부상자수,야,07,118
57,과속,사고건수,야,08,62
58,과속,사망자수,야,08,21
59,과속,부상자수,야,08,106
60,과속,사고건수,야,09,49
61,과속,사망자수,야,09,14
62,과속,부상자수,야,09,73
63,과속,사고건수,야,10,58
64,과속,사망자수,야,10,18
65,과속,부상자수,야,10,87
66,과속,사고건수,야,11,62
67,과속,사망자수,야,11,18
68,과속,부상자수,야,11,93
69,과속,사고건수,야,12,39
70,과속,사망자수,야,12,6
71,과속,부상자수,야,12,53
72,앞지르기방법위반,사고건수,주,01,7
73,앞지르기방법위반,사망자수,주,01,0
74,앞지르기방법위반,부상자수,주,01,7
75,앞지르기방법위반,사고건수,주,02,11
76,앞지르기방법위반,사망자수,주,02,0
77,앞지르기방법위반,부상자수,주,02,16
78,앞지르기방법위반,사고건수,주,03,7
79,앞지르기방법위반,사망자수,주,03,0
80,앞지르기방법위반,부상자수,주,03,8
81,앞지르기방법위반,사고건수,주,04,10
82,앞지르기방법위반,사망자수,주,04,0
83,앞지르기방법위반,부상자수,주,04,13
84,앞지르기방법위반,사고건수,주,05,5
85,앞지르기방법위반,사망자수,주,05,0
86,앞지르기방법위반,부상자수,주,05,8
87,앞지르기방법위반,사고건수,주,06,10
88,앞지르기방법위반,사망자수,주,06,0
89,앞지르기방법위반,부상자수,주,06,16
90,앞지르기방법위반,사고건수,주,07,9
91,앞지르기방법위반,사망자수,주,07,0
92,앞지르기방법위반,부상자수,주,07,12
93,앞지르기방법위반,사고건수,주,08,7
94,앞지르기방법위반,사망자수,주,08,0
95,앞지르기방법위반,부상자수,주,08,8
96,앞지르기방법위반,사고건수,주,09,8
97,앞지르기방법위반,사망자수,주,09,0
98,앞지르기방법위반,부상자수,주,09,9
99,앞지르기방법위반,사고건수,주,10,6
100,앞지르기방법위반,사망자수,주,10,0
101,앞지르기방법위반,부상자수,주,10,8
102,앞지르기방법위반,사고건수,주,11,3
103,앞지르기방법위반,사망자수,주,11,0
104,앞지르기방법위반,부상자수,주,11,3
105,앞지르기방법위반,사고건수,주,12,8
106,앞지르기방법위반,사망자수,주,12,0
107,앞지르기방법위반,부상자수,주,12,12
108,앞지르기금지위반,사고건수,주,01,19
109,앞지르기금지위반,사망자수,주,01,0
110,앞지르기금지위반,부상자수,주,01,31
111,앞지르기금지위반,사고건수,주,02,22
112,앞지르기금지위반,사망자수,주,02,1
113,앞지르기금지위반,부상자수,주,02,30
114,앞지르기금지위반,사고건수,주,03,29
115,앞지르기금지위반,사망자수,주,03,2
116,앞지르기금지위반,부상자수,주,03,35
117,앞지르기금지위반,사고건수,주,04,27
118,앞지르기금지위반,사망자수,주,04,1
119,앞지르기금지위반,부상자수,주,04,45
120,앞지르기금지위반,사고건수,주,05,40
121,앞지르기금지위반,사망자수,주,05,2
122,앞지르기금지위반,부상자수,주,05,59
123,앞지르기금지위반,사고건수,주,06,25
124,앞지르기금지위반,사망자수,주,06,2
125,앞지르기금지위반,부상자수,주,06,35
126,앞지르기금지위반,사고건수,주,07,31
127,앞지르기금지위반,사망자수,주,07,0
128,앞지르기금지위반,부상자수,주,07,50
129,앞지르기금지위반,사고건수,주,08,24
130,앞지르기금지위반,사망자수,주,08,0
131,앞지르기금지위반,부상자수,주,08,47
132,앞지르기금지위반,사고건수,주,09,20
133,앞지르기금지위반,사망자수,주,09,0
134,앞지르기금지위반,부상자수,주,09,27
135,앞지르기금지위반,사고건수,주,10,18
136,앞지르기금지위반,사망자수,주,10,0
137,앞지르기금지위반,부상자수,주,10,28
138,앞지르기금지위반,사고건수,주,11,17
139,앞지르기금지위반,사망자수,주,11,0
140,앞지르기금지위반,부상자수,주,11,24
141,앞지르기금지위반,사고건수,주,12,26
142,앞지르기금지위반,사망자수,주,12,0
143,앞지르기금지위반,부상자수,주,12,35
144,앞지르기금지위반,사고건수,야,01,3
145,앞지르기금지위반,사망자수,야,01,0
146,앞지르기금지위반,부상자수,야,01,3
147,앞지르기금지위반,사고건수,야,02,4
148,앞지르기금지위반,사망자수,야,02,0
149,앞지르기금지위반,부상자수,야,02,4
150,앞지르기금지위반,사고건수,야,03,7
151,앞지르기금지위반,사망자수,야,03,0
152,앞지르기금지위반,부상자수,야,03,12
153,앞지르기금지위반,사고건수,야,04,9
154,앞지르기금지위반,사망자수,야,04,0
155,앞지르기금지위반,부상자수,야,04,12
156,앞지르기금지위반,사고건수,야,05,10
157,앞지르기금지위반,사망자수,야,05,0
158,앞지르기금지위반,부상자수,야,05,11
159,앞지르기금지위반,사고건수,야,06,6
160,앞지르기금지위반,사망자수,야,06,0
161,앞지르기금지위반,부상자수,야,06,15
162,앞지르기금지위반,사고건수,야,07,10
163,앞지르기금지위반,사망자수,야,07,0
164,앞지르기금지위반,부상자수,야,07,15
165,앞지르기금지위반,사고건수,야,08,5
166,앞지르기금지위반,사망자수,야,08,0
167,앞지르기금지위반,부상자수,야,08,7
168,앞지르기금지위반,사고건수,야,09,6
169,앞지르기금지위반,사망자수,야,09,0
170,앞지르기금지위반,부상자수,야,09,8
171,앞지르기금지위반,사고건수,야,10,10
172,앞지르기금지위반,사망자수,야,10,0
173,앞지르기금지위반,부상자수,야,10,13
174,앞지르기금지위반,사고건수,야,11,9
175,앞지르기금지위반,사망자수,야,11,0
176,앞지르기금지위반,부상자수,야,11,16
177,앞지르기금지위반,사고건수,야,12,5
178,앞지르기금지위반,사망자수,야,12,0
179,앞지르기금지위반,부상자수,야,12,10
180,중앙선침범,사고건수,주,01,369
181,중앙선침범,사망자수,주,01,7
182,중앙선침범,부상자수,주,01,601
183,중앙선침범,사고건수,주,02,373
184,중앙선침범,사망자수,주,02,8
185,중앙선침범,부상자수,주,02,591
186,중앙선침범,사고건수,주,03,411
187,중앙선침범,사망자수,주,03,9
188,중앙선침범,부상자수,주,03,647
189,중앙선침범,사고건수,주,04,405
190,중앙선침범,사망자수,주,04,9
191,중앙선침범,부상자수,주,04,634
192,중앙선침범,사고건수,주,05,436
193,중앙선침범,사망자수,주,05,11
194,중앙선침범,부상자수,주,05,714
195,중앙선침범,사고건수,주,06,492
196,중앙선침범,사망자수,주,06,9
197,중앙선침범,부상자수,주,06,811
198,중앙선침범,사고건수,주,07,547
199,중앙선침범,사망자수,주,07,7
200,중앙선침범,부상자수,주,07,892
201,중앙선침범,사고건수,주,08,447
202,중앙선침범,사망자수,주,08,9
203,중앙선침범,부상자수,주,08,769
204,중앙선침범,사고건수,주,09,454
205,중앙선침범,사망자수,주,09,4
206,중앙선침범,부상자수,주,09,781
207,중앙선침범,사고건수,주,10,463
208,중앙선침범,사망자수,주,10,8
209,중앙선침범,부상자수,주,10,721
210,중앙선침범,사고건수,주,11,472
211,중앙선침범,사망자수,주,11,18
212,중앙선침범,부상자수,주,11,775
213,중앙선침범,사고건수,주,12,396
214,중앙선침범,사망자수,주,12,10
215,중앙선침범,부상자수,주,12,609
216,중앙선침범,사고건수,야,01,269
217,중앙선침범,사망자수,야,01,10
218,중앙선침범,부상자수,야,01,395
219,중앙선침범,사고건수,야,02,225
220,중앙선침범,사망자수,야,02,6
221,중앙선침범,부상자수,야,02,340
222,중앙선침범,사고건수,야,03,242
223,중앙선침범,사망자수,야,03,2
224,중앙선침범,부상자수,야,03,377
225,중앙선침범,사고건수,야,04,255
226,중앙선침범,사망자수,야,04,5
227,중앙선침범,부상자수,야,04,372
228,중앙선침범,사고건수,야,05,271
229,중앙선침범,사망자수,야,05,2
230,중앙선침범,부상자수,야,05,438
231,중앙선침범,사고건수,야,06,286
232,중앙선침범,사망자수,야,06,12
233,중앙선침범,부상자수,야,06,426
234,중앙선침범,사고건수,야,07,302
235,중앙선침범,사망자수,야,07,10
236,중앙선침범,부상자수,야,07,474
237,중앙선침범,사고건수,야,08,253
238,중앙선침범,사망자수,야,08,5
239,중앙선침범,부상자수,야,08,381
240,중앙선침범,사고건수,야,09,243
241,중앙선침범,사망자수,야,09,4
242,중앙선침범,부상자수,야,09,377
243,중앙선침범,사고건수,야,10,332
244,중앙선침범,사망자수,야,10,8
245,중앙선침범,부상자수,야,10,541
246,중앙선침범,사고건수,야,11,296
247,중앙선침범,사망자수,야,11,8
248,중앙선침범,부상자수,야,11,473
249,중앙선침범,사고건수,야,12,285
250,중앙선침범,사망자수,야,12,7
251,중앙선침범,부상자수,야,12,416
252,신호위반,사고건수,주,01,953
253,신호위반,사망자수,주,01,9
254,신호위반,부상자수,주,01,1423
255,신호위반,사고건수,주,02,987
256,신호위반,사망자수,주,02,9
257,신호위반,부상자수,주,02,1521
258,신호위반,사고건수,주,03,1095
259,신호위반,사망자수,주,03,12
260,신호위반,부상자수,주,03,1670
261,신호위반,사고건수,주,04,1176
262,신호위반,사망자수,주,04,9
263,신호위반,부상자수,주,04,1757
264,신호위반,사고건수,주,05,1142
265,신호위반,사망자수,주,05,12
266,신호위반,부상자수,주,05,1743
267,신호위반,사고건수,주,06,1201
268,신호위반,사망자수,주,06,9
269,신호위반,부상자수,주,06,1843
270,신호위반,사고건수,주,07,1262
271,신호위반,사망자수,주,07,16
272,신호위반,부상자수,주,07,1896
273,신호위반,사고건수,주,08,1121
274,신호위반,사망자수,주,08,9
275,신호위반,부상자수,주,08,1739
276,신호위반,사고건수,주,09,1186
277,신호위반,사망자수,주,09,11
278,신호위반,부상자수,주,09,1696
279,신호위반,사고건수,주,10,1229
280,신호위반,사망자수,주,10,12
281,신호위반,부상자수,주,10,1834
282,신호위반,사고건수,주,11,1226
283,신호위반,사망자수,주,11,14
284,신호위반,부상자수,주,11,1831
285,신호위반,사고건수,주,12,1173
286,신호위반,사망자수,주,12,15
287,신호위반,부상자수,주,12,1731
288,신호위반,사고건수,야,01,834
289,신호위반,사망자수,야,01,10
290,신호위반,부상자수,야,01,1273
291,신호위반,사고건수,야,02,831
292,신호위반,사망자수,야,02,6
293,신호위반,부상자수,야,02,1297
294,신호위반,사고건수,야,03,872
295,신호위반,사망자수,야,03,7
296,신호위반,부상자수,야,03,1385
297,신호위반,사고건수,야,04,950
298,신호위반,사망자수,야,04,7
299,신호위반,부상자수,야,04,1453
300,신호위반,사고건수,야,05,903
301,신호위반,사망자수,야,05,9
302,신호위반,부상자수,야,05,1469
303,신호위반,사고건수,야,06,889
304,신호위반,사망자수,야,06,5
305,신호위반,부상자수,야,06,1361
306,신호위반,사고건수,야,07,892
307,신호위반,사망자수,야,07,7
308,신호위반,부상자수,야,07,1372
309,신호위반,사고건수,야,08,885
310,신호위반,사망자수,야,08,10
311,신호위반,부상자수,야,08,1367
312,신호위반,사고건수,야,09,911
313,신호위반,사망자수,야,09,11
314,신호위반,부상자수,야,09,1412
315,신호위반,사고건수,야,10,1006
316,신호위반,사망자수,야,10,17
317,신호위반,부상자수,야,10,1536
318,신호위반,사고건수,야,11,956
319,신호위반,사망자수,야,11,4
320,신호위반,부상자수,야,11,1384
321,신호위반,사고건수,야,12,928
322,신호위반,사망자수,야,12,11
323,신호위반,부상자수,야,12,1360
324,안전거리미확보,사고건수,주,01,1013
325,안전거리미확보,사망자수,주,01,1
326,안전거리미확보,부상자수,주,01,1651
327,안전거리미확보,사고건수,주,02,1044
328,안전거리미확보,사망자수,주,02,3
329,안전거리미확보,부상자수,주,02,1721
330,안전거리미확보,사고건수,주,03,1165
331,안전거리미확보,사망자수,주,03,1
332,안전거리미확보,부상자수,주,03,1883
333,안전거리미확보,사고건수,주,04,1248
334,안전거리미확보,사망자수,주,04,2
335,안전거리미확보,부상자수,주,04,2062
336,안전거리미확보,사고건수,주,05,1291
337,안전거리미확보,사망자수,주,05,4
338,안전거리미확보,부상자수,주,05,2128
339,안전거리미확보,사고건수,주,06,1213
340,안전거리미확보,사망자수,주,06,2
341,안전거리미확보,부상자수,주,06,1939
342,안전거리미확보,사고건수,주,07,1231
343,안전거리미확보,사망자수,주,07,5
344,안전거리미확보,부상자수,주,07,1938
345,안전거리미확보,사고건수,주,08,1154
346,안전거리미확보,사망자수,주,08,3
347,안전거리미확보,부상자수,주,08,1933
348,안전거리미확보,사고건수,주,09,1197
349,안전거리미확보,사망자수,주,09,1
350,안전거리미확보,부상자수,주,09,1902
351,안전거리미확보,사고건수,주,10,1289
352,안전거리미확보,사망자수,주,10,3
353,안전거리미확보,부상자수,주,10,2073
354,안전거리미확보,사고건수,주,11,1278
355,안전거리미확보,사망자수,주,11,2
356,안전거리미확보,부상자수,주,11,1991
357,안전거리미확보,사고건수,주,12,1181
358,안전거리미확보,사망자수,주,12,6
359,안전거리미확보,부상자수,주,12,1879
360,안전거리미확보,사고건수,야,01,608
361,안전거리미확보,사망자수,야,01,1
362,안전거리미확보,부상자수,야,01,913
363,안전거리미확보,사고건수,야,02,542
364,안전거리미확보,사망자수,야,02,0
365,안전거리미확보,부상자수,야,02,836
366,안전거리미확보,사고건수,야,03,569
367,안전거리미확보,사망자수,야,03,0
368,안전거리미확보,부상자수,야,03,882
369,안전거리미확보,사고건수,야,04,499
370,안전거리미확보,사망자수,야,04,2
371,안전거리미확보,부상자수,야,04,806
372,안전거리미확보,사고건수,야,05,523
373,안전거리미확보,사망자수,야,05,0
374,안전거리미확보,부상자수,야,05,817
375,안전거리미확보,사고건수,야,06,554
376,안전거리미확보,사망자수,야,06,1
377,안전거리미확보,부상자수,야,06,875
378,안전거리미확보,사고건수,야,07,532
379,안전거리미확보,사망자수,야,07,0
380,안전거리미확보,부상자수,야,07,852
381,안전거리미확보,사고건수,야,08,520
382,안전거리미확보,사망자수,야,08,1
383,안전거리미확보,부상자수,야,08,823
384,안전거리미확보,사고건수,야,09,518
385,안전거리미확보,사망자수,야,09,2
386,안전거리미확보,부상자수,야,09,821
387,안전거리미확보,사고건수,야,10,655
388,안전거리미확보,사망자수,야,10,2
389,안전거리미확보,부상자수,야,10,1061
390,안전거리미확보,사고건수,야,11,610
391,안전거리미확보,사망자수,야,11,3
392,안전거리미확보,부상자수,야,11,956
393,안전거리미확보,사고건수,야,12,611
394,안전거리미확보,사망자수,야,12,3
395,안전거리미확보,부상자수,야,12,945
396,일시정지위반,사고건수,주,01,29
397,일시정지위반,사망자수,주,01,0
398,일시정지위반,부상자수,주,01,54
399,일시정지위반,사고건수,주,02,32
400,일시정지위반,사망자수,주,02,0
401,일시정지위반,부상자수,주,02,60
402,일시정지위반,사고건수,주,03,48
403,일시정지위반,사망자수,주,03,0
404,일시정지위반,부상자수,주,03,75
405,일시정지위반,사고건수,주,04,45
406,일시정지위반,사망자수,주,04,0
407,일시정지위반,부상자수,주,04,72
408,일시정지위반,사고건수,주,05,37
409,일시정지위반,사망자수,주,05,0
410,일시정지위반,부상자수,주,05,57
411,일시정지위반,사고건수,주,06,42
412,일시정지위반,사망자수,주,06,0
413,일시정지위반,부상자수,주,06,62
414,일시정지위반,사고건수,주,07,41
415,일시정지위반,사망자수,주,07,0
416,일시정지위반,부상자수,주,07,70
417,일시정지위반,사고건수,주,08,48
418,일시정지위반,사망자수,주,08,2
419,일시정지위반,부상자수,주,08,71
420,일시정지위반,사고건수,주,09,48
421,일시정지위반,사망자수,주,09,1
422,일시정지위반,부상자수,주,09,98
423,일시정지위반,사고건수,주,10,43
424,일시정지위반,사망자수,주,10,0
425,일시정지위반,부상자수,주,10,65
426,일시정지위반,사고건수,주,11,43
427,일시정지위반,사망자수,주,11,0
428,일시정지위반,부상자수,주,11,88
429,일시정지위반,사고건수,주,12,35
430,일시정지위반,사망자수,주,12,1
431,일시정지위반,부상자수,주,12,59
432,일시정지위반,사고건수,야,01,12
433,일시정지위반,사망자수,야,01,0
434,일시정지위반,부상자수,야,01,25
435,일시정지위반,사고건수,야,02,15
436,일시정지위반,사망자수,야,02,0
437,일시정지위반,부상자수,야,02,25
438,일시정지위반,사고건수,야,03,23
439,일시정지위반,사망자수,야,03,0
440,일시정지위반,부상자수,야,03,44
441,일시정지위반,사고건수,야,04,12
442,일시정지위반,사망자수,야,04,0
443,일시정지위반,부상자수,야,04,18
444,일시정지위반,사고건수,야,05,15
445,일시정지위반,사망자수,야,05,0
446,일시정지위반,부상자수,야,05,21
447,일시정지위반,사고건수,야,06,14
448,일시정지위반,사망자수,야,06,0
449,일시정지위반,부상자수,야,06,21
450,일시정지위반,사고건수,야,07,18
451,일시정지위반,사망자수,야,07,0
452,일시정지위반,부상자수,야,07,25
453,일시정지위반,사고건수,야,08,22
454,일시정지위반,사망자수,야,08,0
455,일시정지위반,부상자수,야,08,35
456,일시정지위반,사고건수,야,09,14
457,일시정지위반,사망자수,야,09,0
458,일시정지위반,부상자수,야,09,26
459,일시정지위반,사고건수,야,10,19
460,일시정지위반,사망자수,야,10,0
461,일시정지위반,부상자수,야,10,29
462,일시정지위반,사고건수,야,11,16
463,일시정지위반,사망자수,야,11,0
464,일시정지위반,부상자수,야,11,22
465,일시정지위반,사고건수,야,12,22
466,일시정지위반,사망자수,야,12,0
467,일시정지위반,부상자수,야,12,27
468,부당한회전,사고건수,주,01,55
469,부당한회전,사망자수,주,01,0
470,부당한회전,부상자수,주,01,72
471,부당한회전,사고건수,주,02,61
472,부당한회전,사망자수,주,02,0
473,부당한회전,부상자수,주,02,82
474,부당한회전,사고건수,주,03,76
475,부당한회전,사망자수,주,03,1
476,부당한회전,부상자수,주,03,85
477,부당한회전,사고건수,주,04,84
478,부당한회전,사망자수,주,04,1
479,부당한회전,부상자수,주,04,108
480,부당한회전,사고건수,주,05,82
481,부당한회전,사망자수,주,05,1
482,부당한회전,부상자수,주,05,110
483,부당한회전,사고건수,주,06,82
484,부당한회전,사망자수,주,06,0
485,부당한회전,부상자수,주,06,117
486,부당한회전,사고건수,주,07,112
487,부당한회전,사망자수,주,07,2
488,부당한회전,부상자수,주,07,139
489,부당한회전,사고건수,주,08,91
490,부당한회전,사망자수,주,08,1
491,부당한회전,부상자수,주,08,107
492,부당한회전,사고건수,주,09,81
493,부당한회전,사망자수,주,09,0
494,부당한회전,부상자수,주,09,115
495,부당한회전,사고건수,주,10,83
496,부당한회전,사망자수,주,10,0
497,부당한회전,부상자수,주,10,105
498,부당한회전,사고건수,주,11,84
499,부당한회전,사망자수,주,11,1
500,부당한회전,부상자수,주,11,107
501,부당한회전,사고건수,주,12,65
502,부당한회전,사망자수,주,12,0
503,부당한회전,부상자수,주,12,95
504,부당한회전,사고건수,야,01,43
505,부당한회전,사망자수,야,01,0
506,부당한회전,부상자수,야,01,53
507,부당한회전,사고건수,야,02,37
508,부당한회전,사망자수,야,02,1
509,부당한회전,부상자수,야,02,55
510,부당한회전,사고건수,야,03,33
511,부당한회전,사망자수,야,03,0
512,부당한회전,부상자수,야,03,49
513,부당한회전,사고건수,야,04,38
514,부당한회전,사망자수,야,04,1
515,부당한회전,부상자수,야,04,46
516,부당한회전,사고건수,야,05,50
517,부당한회전,사망자수,야,05,0
518,부당한회전,부상자수,야,05,66
519,부당한회전,사고건수,야,06,53
520,부당한회전,사망자수,야,06,1
521,부당한회전,부상자수,야,06,63
522,부당한회전,사고건수,야,07,52
523,부당한회전,사망자수,야,07,0
524,부당한회전,부상자수,야,07,70
525,부당한회전,사고건수,야,08,50
526,부당한회전,사망자수,야,08,0
527,부당한회전,부상자수,야,08,69
528,부당한회전,사고건수,야,09,45
529,부당한회전,사망자수,야,09,1
530,부당한회전,부상자수,야,09,51
531,부당한회전,사고건수,야,10,37
532,부당한회전,사망자수,야,10,0
533,부당한회전,부상자수,야,10,46
534,부당한회전,사고건수,야,11,37
535,부당한회전,사망자수,야,11,0
536,부당한회전,부상자수,야,11,43
537,부당한회전,사고건수,야,12,53
538,부당한회전,사망자수,야,12,0
539,부당한회전,부상자수,야,12,72
540,진로양보불이행,사고건수,주,01,2
541,진로양보불이행,사망자수,주,01,0
542,진로양보불이행,부상자수,주,01,2
543,진로양보불이행,사고건수,주,02,3
544,진로양보불이행,사망자수,주,02,0
545,진로양보불이행,부상자수,주,02,4
546,진로양보불이행,사고건수,주,03,2
547,진로양보불이행,사망자수,주,03,0
548,진로양보불이행,부상자수,주,03,6
549,진로양보불이행,사고건수,주,04,7
550,진로양보불이행,사망자수,주,04,0
551,진로양보불이행,부상자수,주,04,9
552,진로양보불이행,사고건수,주,05,3
553,진로양보불이행,사망자수,주,05,0
554,진로양보불이행,부상자수,주,05,4
555,진로양보불이행,사고건수,주,06,4
556,진로양보불이행,사망자수,주,06,0
557,진로양보불이행,부상자수,주,06,6
558,진로양보불이행,사고건수,주,07,6
559,진로양보불이행,사망자수,주,07,1
560,진로양보불이행,부상자수,주,07,10
561,진로양보불이행,사고건수,주,08,2
562,진로양보불이행,사망자수,주,08,0
563,진로양보불이행,부상자수,주,08,3
564,진로양보불이행,사고건수,주,09,4
565,진로양보불이행,사망자수,주,09,0
566,진로양보불이행,부상자수,주,09,5
567,진로양보불이행,사고건수,주,10,2
568,진로양보불이행,사망자수,주,10,0
569,진로양보불이행,부상자수,주,10,3
570,진로양보불이행,사고건수,주,11,4
571,진로양보불이행,사망자수,주,11,0
572,진로양보불이행,부상자수,주,11,6
573,진로양보불이행,사고건수,주,12,1
574,진로양보불이행,사망자수,주,12,0
575,진로양보불이행,부상자수,주,12,1
576,교차로운행방법위반,사고건수,주,01,604
577,교차로운행방법위반,사망자수,주,01,2
578,교차로운행방법위반,부상자수,주,01,922
579,교차로운행방법위반,사고건수,주,02,608
580,교차로운행방법위반,사망자수,주,02,1
581,교차로운행방법위반,부상자수,주,02,913
582,교차로운행방법위반,사고건수,주,03,698
583,교차로운행방법위반,사망자수,주,03,1
584,교차로운행방법위반,부상자수,주,03,1077
585,교차로운행방법위반,사고건수,주,04,731
586,교차로운행방법위반,사망자수,주,04,3
587,교차로운행방법위반,부상자수,주,04,1130
588,교차로운행방법위반,사고건수,주,05,732
589,교차로운행방법위반,사망자수,주,05,3
590,교차로운행방법위반,부상자수,주,05,1171
591,교차로운행방법위반,사고건수,주,06,771
592,교차로운행방법위반,사망자수,주,06,1
593,교차로운행방법위반,부상자수,주,06,1179
594,교차로운행방법위반,사고건수,주,07,716
595,교차로운행방법위반,사망자수,주,07,5
596,교차로운행방법위반,부상자수,주,07,1063
597,교차로운행방법위반,사고건수,주,08,724
598,교차로운행방법위반,사망자수,주,08,3
599,교차로운행방법위반,부상자수,주,08,1098
600,교차로운행방법위반,사고건수,주,09,666
601,교차로운행방법위반,사망자수,주,09,0
602,교차로운행방법위반,부상자수,주,09,1045
603,교차로운행방법위반,사고건수,주,10,648
604,교차로운행방법위반,사망자수,주,10,5
605,교차로운행방법위반,부상자수,주,10,979
606,교차로운행방법위반,사고건수,주,11,741
607,교차로운행방법위반,사망자수,주,11,6
608,교차로운행방법위반,부상자수,주,11,1110
609,교차로운행방법위반,사고건수,주,12,684
610,교차로운행방법위반,사망자수,주,12,1
611,교차로운행방법위반,부상자수,주,12,1015
612,교차로운행방법위반,사고건수,야,01,313
613,교차로운행방법위반,사망자수,야,01,0
614,교차로운행방법위반,부상자수,야,01,447
615,교차로운행방법위반,사고건수,야,02,283
616,교차로운행방법위반,사망자수,야,02,0
617,교차로운행방법위반,부상자수,야,02,434
618,교차로운행방법위반,사고건수,야,03,330
619,교차로운행방법위반,사망자수,야,03,1
620,교차로운행방법위반,부상자수,야,03,543
621,교차로운행방법위반,사고건수,야,04,362
622,교차로운행방법위반,사망자수,야,04,1
623,교차로운행방법위반,부상자수,야,04,550
624,교차로운행방법위반,사고건수,야,05,298
625,교차로운행방법위반,사망자수,야,05,0
626,교차로운행방법위반,부상자수,야,05,450
627,교차로운행방법위반,사고건수,야,06,307
628,교차로운행방법위반,사망자수,야,06,2
629,교차로운행방법위반,부상자수,야,06,497
630,교차로운행방법위반,사고건수,야,07,377
631,교차로운행방법위반,사망자수,야,07,0
632,교차로운행방법위반,부상자수,야,07,538
633,교차로운행방법위반,사고건수,야,08,315
634,교차로운행방법위반,사망자수,야,08,0
635,교차로운행방법위반,부상자수,야,08,471
636,교차로운행방법위반,사고건수,야,09,276
637,교차로운행방법위반,사망자수,야,09,1
638,교차로운행방법위반,부상자수,야,09,390
639,교차로운행방법위반,사고건수,야,10,324
640,교차로운행방법위반,사망자수,야,10,1
641,교차로운행방법위반,부상자수,야,10,506
642,교차로운행방법위반,사고건수,야,11,371
643,교차로운행방법위반,사망자수,야,11,0
644,교차로운행방법위반,부상자수,야,11,577
645,교차로운행방법위반,사고건수,야,12,339
646,교차로운행방법위반,사망자수,야,12,2
647,교차로운행방법위반,부상자수,야,12,479
648,보행자보호의무위반,사고건수,주,01,307
649,보행자보호의무위반,사망자수,주,01,9
650,보행자보호의무위반,부상자수,주,01,311
651,보행자보호의무위반,사고건수,주,02,284
652,보행자보호의무위반,사망자수,주,02,4
653,보행자보호의무위반,부상자수,주,02,291
654,보행자보호의무위반,사고건수,주,03,309
655,보행자보호의무위반,사망자수,주,03,7
656,보행자보호의무위반,부상자수,주,03,313
657,보행자보호의무위반,사고건수,주,04,393
658,보행자보호의무위반,사망자수,주,04,4
659,보행자보호의무위반,부상자수,주,04,409
660,보행자보호의무위반,사고건수,주,05,327
661,보행자보호의무위반,사망자수,주,05,6
662,보행자보호의무위반,부상자수,주,05,336
663,보행자보호의무위반,사고건수,주,06,341
664,보행자보호의무위반,사망자수,주,06,6
665,보행자보호의무위반,부상자수,주,06,347
666,보행자보호의무위반,사고건수,주,07,304
667,보행자보호의무위반,사망자수,주,07,8
668,보행자보호의무위반,부상자수,주,07,329
669,보행자보호의무위반,사고건수,주,08,324
670,보행자보호의무위반,사망자수,주,08,10
671,보행자보호의무위반,부상자수,주,08,327
672,보행자보호의무위반,사고건수,주,09,340
673,보행자보호의무위반,사망자수,주,09,7
674,보행자보호의무위반,부상자수,주,09,345
675,보행자보호의무위반,사고건수,주,10,367
676,보행자보호의무위반,사망자수,주,10,6
677,보행자보호의무위반,부상자수,주,10,381
678,보행자보호의무위반,사고건수,주,11,404
679,보행자보호의무위반,사망자수,주,11,3
680,보행자보호의무위반,부상자수,주,11,424
681,보행자보호의무위반,사고건수,주,12,396
682,보행자보호의무위반,사망자수,주,12,6
683,보행자보호의무위반,부상자수,주,12,407
684,보행자보호의무위반,사고건수,야,01,217
685,보행자보호의무위반,사망자수,야,01,1
686,보행자보호의무위반,부상자수,야,01,230
687,보행자보호의무위반,사고건수,야,02,190
688,보행자보호의무위반,사망자수,야,02,3
689,보행자보호의무위반,부상자수,야,02,201
690,보행자보호의무위반,사고건수,야,03,212
691,보행자보호의무위반,사망자수,야,03,4
692,보행자보호의무위반,부상자수,야,03,220
693,보행자보호의무위반,사고건수,야,04,195
694,보행자보호의무위반,사망자수,야,04,0
695,보행자보호의무위반,부상자수,야,04,219
696,보행자보호의무위반,사고건수,야,05,207
697,보행자보호의무위반,사망자수,야,05,1
698,보행자보호의무위반,부상자수,야,05,228
699,보행자보호의무위반,사고건수,야,06,203
700,보행자보호의무위반,사망자수,야,06,3
701,보행자보호의무위반,부상자수,야,06,218
702,보행자보호의무위반,사고건수,야,07,174
703,보행자보호의무위반,사망자수,야,07,3
704,보행자보호의무위반,부상자수,야,07,183
705,보행자보호의무위반,사고건수,야,08,160
706,보행자보호의무위반,사망자수,야,08,1
707,보행자보호의무위반,부상자수,야,08,172
708,보행자보호의무위반,사고건수,야,09,236
709,보행자보호의무위반,사망자수,야,09,4
710,보행자보호의무위반,부상자수,야,09,248
711,보행자보호의무위반,사고건수,야,10,221
712,보행자보호의무위반,사망자수,야,10,5
713,보행자보호의무위반,부상자수,야,10,233
714,보행자보호의무위반,사고건수,야,11,245
715,보행자보호의무위반,사망자수,야,11,4
716,보행자보호의무위반,부상자수,야,11,264
717,보행자보호의무위반,사고건수,야,12,238
718,보행자보호의무위반,사망자수,야,12,6
719,보행자보호의무위반,부상자수,야,12,249
720,차로위반(진로변경),사고건수,주,01,174
721,차로위반(진로변경),사망자수,주,01,1
722,차로위반(진로변경),부상자수,주,01,264
723,차로위반(진로변경),사고건수,주,02,165
724,차로위반(진로변경),사망자수,주,02,0
725,차로위반(진로변경),부상자수,주,02,225
726,차로위반(진로변경),사고건수,주,03,196
727,차로위반(진로변경),사망자수,주,03,0
728,차로위반(진로변경),부상자수,주,03,315
729,차로위반(진로변경),사고건수,주,04,181
730,차로위반(진로변경),사망자수,주,04,2
731,차로위반(진로변경),부상자수,주,04,270
732,차로위반(진로변경),사고건수,주,05,172
733,차로위반(진로변경),사망자수,주,05,0
734,차로위반(진로변경),부상자수,주,05,266
735,차로위반(진로변경),사고건수,주,06,199
736,차로위반(진로변경),사망자수,주,06,0
737,차로위반(진로변경),부상자수,주,06,294
738,차로위반(진로변경),사고건수,주,07,179
739,차로위반(진로변경),사망자수,주,07,0
740,차로위반(진로변경),부상자수,주,07,272
741,차로위반(진로변경),사고건수,주,08,178
742,차로위반(진로변경),사망자수,주,08,1
743,차로위반(진로변경),부상자수,주,08,247
744,차로위반(진로변경),사고건수,주,09,174
745,차로위반(진로변경),사망자수,주,09,0
746,차로위반(진로변경),부상자수,주,09,301
747,차로위반(진로변경),사고건수,주,10,172
748,차로위반(진로변경),사망자수,주,10,2
749,차로위반(진로변경),부상자수,주,10,269
750,차로위반(진로변경),사고건수,주,11,168
751,차로위반(진로변경),사망자수,주,11,0
752,차로위반(진로변경),부상자수,주,11,241
753,차로위반(진로변경),사고건수,주,12,165
754,차로위반(진로변경),사망자수,주,12,0
755,차로위반(진로변경),부상자수,주,12,238
756,차로위반(진로변경),사고건수,야,01,86
757,차로위반(진로변경),사망자수,야,01,0
758,차로위반(진로변경),부상자수,야,01,132
759,차로위반(진로변경),사고건수,야,02,93
760,차로위반(진로변경),사망자수,야,02,0
761,차로위반(진로변경),부상자수,야,02,138
762,차로위반(진로변경),사고건수,야,03,109
763,차로위반(진로변경),사망자수,야,03,0
764,차로위반(진로변경),부상자수,야,03,149
765,차로위반(진로변경),사고건수,야,04,83
766,차로위반(진로변경),사망자수,야,04,0
767,차로위반(진로변경),부상자수,야,04,132
768,차로위반(진로변경),사고건수,야,05,87
769,차로위반(진로변경),사망자수,야,05,2
770,차로위반(진로변경),부상자수,야,05,129
771,차로위반(진로변경),사고건수,야,06,76
772,차로위반(진로변경),사망자수,야,06,0
773,차로위반(진로변경),부상자수,야,06,127
774,차로위반(진로변경),사고건수,야,07,115
775,차로위반(진로변경),사망자수,야,07,0
776,차로위반(진로변경),부상자수,야,07,178
777,차로위반(진로변경),사고건수,야,08,72
778,차로위반(진로변경),사망자수,야,08,0
779,차로위반(진로변경),부상자수,야,08,99
780,차로위반(진로변경),사고건수,야,09,90
781,차로위반(진로변경),사망자수,야,09,0
782,차로위반(진로변경),부상자수,야,09,128
783,차로위반(진로변경),사고건수,야,10,105
784,차로위반(진로변경),사망자수,야,10,0
785,차로위반(진로변경),부상자수,야,10,149
786,차로위반(진로변경),사고건수,야,11,94
787,차로위반(진로변경),사망자수,야,11,0
788,차로위반(진로변경),부상자수,야,11,139
789,차로위반(진로변경),사고건수,야,12,86
790,차로위반(진로변경),사망자수,야,12,0
791,차로위반(진로변경),부상자수,야,12,117
792,직진우회전진행방해,사고건수,주,01,322
793,직진우회전진행방해,사망자수,주,01,0
794,직진우회전진행방해,부상자수,주,01,496
795,직진우회전진행방해,사고건수,주,02,317
796,직진우회전진행방해,사망자수,주,02,0
797,직진우회전진행방해,부상자수,주,02,505
798,직진우회전진행방해,사고건수,주,03,362
799,직진우회전진행방해,사망자수,주,03,0
800,직진우회전진행방해,부상자수,주,03,589
801,직진우회전진행방해,사고건수,주,04,376
802,직진우회전진행방해,사망자수,주,04,1
803,직진우회전진행방해,부상자수,주,04,635
804,직진우회전진행방해,사고건수,주,05,388
805,직진우회전진행방해,사망자수,주,05,1
806,직진우회전진행방해,부상자수,주,05,651
807,직진우회전진행방해,사고건수,주,06,380
808,직진우회전진행방해,사망자수,주,06,4
809,직진우회전진행방해,부상자수,주,06,646
810,직진우회전진행방해,사고건수,주,07,462
811,직진우회전진행방해,사망자수,주,07,0
812,직진우회전진행방해,부상자수,주,07,731
813,직진우회전진행방해,사고건수,주,08,376
814,직진우회전진행방해,사망자수,주,08,1
815,직진우회전진행방해,부상자수,주,08,603
816,직진우회전진행방해,사고건수,주,09,400
817,직진우회전진행방해,사망자수,주,09,0
818,직진우회전진행방해,부상자수,주,09,644
819,직진우회전진행방해,사고건수,주,10,400
820,직진우회전진행방해,사망자수,주,10,0
821,직진우회전진행방해,부상자수,주,10,675
822,직진우회전진행방해,사고건수,주,11,360
823,직진우회전진행방해,사망자수,주,11,2
824,직진우회전진행방해,부상자수,주,11,559
825,직진우회전진행방해,사고건수,주,12,355
826,직진우회전진행방해,사망자수,주,12,2
827,직진우회전진행방해,부상자수,주,12,535
828,직진우회전진행방해,사고건수,야,01,119
829,직진우회전진행방해,사망자수,야,01,0
830,직진우회전진행방해,부상자수,야,01,186
831,직진우회전진행방해,사고건수,야,02,148
832,직진우회전진행방해,사망자수,야,02,0
833,직진우회전진행방해,부상자수,야,02,231
834,직진우회전진행방해,사고건수,야,03,125
835,직진우회전진행방해,사망자수,야,03,0
836,직진우회전진행방해,부상자수,야,03,206
837,직진우회전진행방해,사고건수,야,04,186
838,직진우회전진행방해,사망자수,야,04,0
839,직진우회전진행방해,부상자수,야,04,292
840,직진우회전진행방해,사고건수,야,05,157
841,직진우회전진행방해,사망자수,야,05,0
842,직진우회전진행방해,부상자수,야,05,235
843,직진우회전진행방해,사고건수,야,06,153
844,직진우회전진행방해,사망자수,야,06,0
845,직진우회전진행방해,부상자수,야,06,240
846,직진우회전진행방해,사고건수,야,07,189
847,직진우회전진행방해,사망자수,야,07,0
848,직진우회전진행방해,부상자수,야,07,293
849,직진우회전진행방해,사고건수,야,08,144
850,직진우회전진행방해,사망자수,야,08,0
851,직진우회전진행방해,부상자수,야,08,220
852,직진우회전진행방해,사고건수,야,09,141
853,직진우회전진행방해,사망자수,야,09,1
854,직진우회전진행방해,부상자수,야,09,199
855,직진우회전진행방해,사고건수,야,10,146
856,직진우회전진행방해,사망자수,야,10,0
857,직진우회전진행방해,부상자수,야,10,225
858,직진우회전진행방해,사고건수,야,11,169
859,직진우회전진행방해,사망자수,야,11,0
860,직진우회전진행방해,부상자수,야,11,268
861,직진우회전진행방해,사고건수,야,12,147
862,직진우회전진행방해,사망자수,야,12,0
863,직진우회전진행방해,부상자수,야,12,234
